Lang,Date,Index
Java,"(2001, 5, 30)",26.492
Java,"(2001, 6, 30)",25.028
Java,"(2001, 7, 30)",24.66
Java,"(2001, 8, 28)",24.817
Java,"(2001, 9, 26)",25.676
Java,"(2001, 10, 28)",24.369
Java,"(2001, 11, 31)",24.195
Java,"(2002, 0, 30)",24.063
Java,"(2002, 1, 27)",24.005
Java,"(2002, 2, 29)",24.409
Java,"(2002, 3, 29)",25.049
Java,"(2002, 4, 29)",25.195
Java,"(2002, 5, 29)",24.196
Java,"(2002, 6, 31)",24.534
Java,"(2002, 7, 29)",22.886
Java,"(2002, 8, 29)",24.482
Java,"(2002, 9, 30)",24.201
Java,"(2002, 10, 29)",24.116
Java,"(2002, 11, 31)",24.227
Java,"(2003, 0, 31)",24.791
Java,"(2003, 1, 28)",24.775
Java,"(2003, 2, 31)",24.596
Java,"(2003, 3, 30)",24.664
Java,"(2003, 4, 30)",23.108
Java,"(2003, 5, 30)",22.337
Java,"(2003, 6, 31)",23.209
Java,"(2003, 7, 31)",22.242
Java,"(2003, 8, 30)",21.902
Java,"(2003, 9, 31)",23.084
Java,"(2003, 10, 30)",25.008
Java,"(2003, 11, 31)",23.573
Java,"(2004, 0, 31)",22.564
Java,"(2004, 1, 29)",23.173
Java,"(2004, 2, 31)",24.24
Java,"(2004, 3, 30)",18.692
Java,"(2004, 4, 30)",17.539
Java,"(2004, 5, 30)",17.055
Java,"(2004, 6, 31)",16.997
Java,"(2004, 7, 30)",15.896
Java,"(2004, 8, 30)",17.05
Java,"(2004, 9, 31)",14.804
Java,"(2004, 10, 30)",16.332
Java,"(2004, 11, 31)",17.478
Java,"(2005, 0, 31)",18.34
Java,"(2005, 1, 28)",18.871
Java,"(2005, 2, 31)",16.981
Java,"(2005, 3, 30)",17.397
Java,"(2005, 4, 31)",18.569
Java,"(2005, 5, 30)",19.659
Java,"(2005, 6, 31)",21.206
Java,"(2005, 7, 31)",22.442
Java,"(2005, 8, 30)",21.871
Java,"(2005, 11, 3)",22.128
Java,"(2006, 0, 4)",22.255
Java,"(2006, 1, 2)",22.43
Java,"(2006, 2, 1)",21.889
Java,"(2006, 3, 2)",21.275
Java,"(2006, 4, 1)",21.316
Java,"(2006, 5, 1)",21.128
Java,"(2006, 6, 2)",21.853
Java,"(2006, 7, 2)",22.377
Java,"(2006, 8, 2)",21.532
Java,"(2006, 9, 1)",21.172
Java,"(2006, 10, 2)",20.4
Java,"(2006, 11, 1)",19.907
Java,"(2007, 0, 2)",19.16
Java,"(2007, 1, 3)",18.978
Java,"(2007, 2, 3)",18.044
Java,"(2007, 3, 1)",18.36
Java,"(2007, 4, 5)",19.14
Java,"(2007, 5, 2)",20.025
Java,"(2007, 6, 2)",21.014
Java,"(2007, 7, 5)",21.768
Java,"(2007, 8, 2)",21.701
Java,"(2007, 9, 4)",21.616
Java,"(2007, 10, 4)",20.542
Java,"(2007, 11, 3)",20.049
Java,"(2008, 0, 3)",20.849
Java,"(2008, 1, 7)",21.483
Java,"(2008, 5, 1)",20.89
Java,"(2008, 6, 2)",21.345
Java,"(2008, 7, 3)",21.571
Java,"(2008, 8, 3)",20.715
Java,"(2008, 9, 6)",20.949
Java,"(2008, 10, 2)",20.299
Java,"(2008, 11, 3)",17.917
Java,"(2009, 0, 2)",19.022
Java,"(2009, 1, 1)",19.401
Java,"(2009, 2, 5)",19.797
Java,"(2009, 3, 7)",19.341
Java,"(2009, 4, 1)",19.537
Java,"(2009, 5, 4)",20.147
Java,"(2009, 6, 2)",20.452
Java,"(2009, 7, 1)",19.527
Java,"(2009, 8, 5)",19.383
Java,"(2009, 9, 2)",18.65
Java,"(2009, 10, 2)",18.373
Java,"(2009, 11, 2)",17.061
Java,"(2010, 0, 5)",17.482
Java,"(2010, 1, 7)",17.348
Java,"(2010, 2, 7)",17.509
Java,"(2010, 3, 5)",18.051
Java,"(2010, 4, 15)",17.957
Java,"(2010, 6, 6)",18.673
Java,"(2010, 6, 30)",17.994
Java,"(2010, 8, 11)",17.915
Java,"(2010, 9, 2)",18.166
Java,"(2010, 10, 3)",18.509
Java,"(2010, 11, 7)",17.999
Java,"(2011, 0, 2)",17.773
Java,"(2011, 1, 8)",18.482
Java,"(2011, 2, 8)",19.711
Java,"(2011, 3, 3)",19.043
Java,"(2011, 4, 2)",18.16
Java,"(2011, 5, 5)",18.58
Java,"(2011, 5, 27)",18.58
Java,"(2011, 6, 8)",19.251
Java,"(2011, 7, 3)",19.409
Java,"(2011, 8, 10)",18.761
Java,"(2011, 9, 9)",17.913
Java,"(2011, 10, 7)",17.874
Java,"(2011, 11, 4)",17.561
Java,"(2012, 0, 8)",17.468
Java,"(2012, 1, 5)",17.05
Java,"(2012, 2, 11)",17.11
Java,"(2012, 3, 8)",17.026
Java,"(2012, 4, 9)",16.599
Java,"(2012, 5, 10)",16.265
Java,"(2012, 6, 4)",16.087
Java,"(2012, 7, 10)",16.352
Java,"(2012, 8, 2)",16.267
Java,"(2012, 9, 5)",17.193
Java,"(2012, 10, 4)",17.455
Java,"(2012, 11, 2)",17.567
Java,"(2013, 0, 5)",17.417
Java,"(2013, 1, 8)",18.387
Java,"(2013, 2, 11)",18.156
Java,"(2013, 3, 7)",17.681
Java,"(2013, 4, 8)",16.914
Java,"(2013, 5, 9)",16.656
Java,"(2013, 6, 7)",15.906
Java,"(2013, 6, 12)",15.906
Java,"(2013, 7, 4)",15.978
Java,"(2013, 8, 11)",16.154
Java,"(2013, 9, 10)",16.107
Java,"(2013, 10, 9)",16.521
Java,"(2013, 11, 6)",17.311
Java,"(2014, 0, 1)",16.523
Java,"(2014, 1, 8)",17.316
Java,"(2014, 2, 3)",16.406
Java,"(2014, 3, 10)",17.348
Java,"(2014, 4, 7)",16.907
Java,"(2014, 5, 8)",16.113
Java,"(2014, 6, 6)",15.688
Java,"(2014, 7, 11)",14.984
Java,"(2014, 8, 1)",14.14
Java,"(2014, 9, 3)",13.506
Java,"(2014, 10, 8)",14.391
Java,"(2014, 11, 7)",14.959
Java,"(2015, 0, 6)",15.528
Java,"(2015, 1, 5)",15.345
Java,"(2015, 2, 7)",15.58
Java,"(2015, 3, 13)",16.041
Java,"(2015, 4, 13)",16.869
Java,"(2015, 5, 6)",17.822
Java,"(2015, 6, 12)",17.728
Java,"(2015, 7, 6)",19.274
Java,"(2015, 8, 5)",19.565
Java,"(2015, 9, 4)",19.543
Java,"(2015, 10, 7)",20.403
Java,"(2015, 11, 4)",20.973
Java,"(2016, 0, 2)",21.465
Java,"(2016, 1, 2)",21.145
Java,"(2016, 2, 3)",20.528
Java,"(2016, 3, 7)",20.846
Java,"(2016, 4, 6)",20.956
Java,"(2016, 5, 5)",20.794
Java,"(2016, 6, 4)",19.804
Java,"(2016, 7, 6)",19.01
Java,"(2016, 8, 8)",18.236
Java,"(2016, 9, 7)",18.799
Java,"(2016, 10, 5)",18.755
Java,"(2016, 11, 4)",17.856
Java,"(2017, 0, 7)",17.278
Java,"(2017, 1, 8)",16.676
Java,"(2017, 2, 7)",16.384
Java,"(2017, 3, 9)",15.568
Java,"(2017, 4, 6)",14.639
Java,"(2017, 5, 3)",14.493
Java,"(2017, 6, 7)",13.774
Java,"(2017, 7, 2)",12.961
Java,"(2017, 8, 6)",12.687
Java,"(2017, 9, 5)",12.431
Java,"(2017, 10, 12)",13.231
Java,"(2017, 11, 9)",13.268
Java,"(2018, 0, 3)",14.215
Java,"(2018, 1, 8)",14.988
Java,"(2018, 2, 7)",14.941
Java,"(2018, 3, 1)",15.777
Java,"(2018, 4, 6)",16.38
Java,"(2018, 5, 10)",15.368
Java,"(2018, 6, 7)",16.139
Java,"(2018, 7, 1)",16.881
Java,"(2018, 8, 3)",17.436
Java,"(2018, 9, 5)",17.801
Java,"(2018, 10, 8)",16.746
Java,"(2018, 11, 2)",15.932
Java,"(2019, 0, 4)",16.904
Java,"(2019, 1, 6)",15.876
Java,"(2019, 2, 2)",14.88
Java,"(2019, 3, 7)",15.035
Java,"(2019, 4, 4)",16.005
Java,"(2019, 5, 9)",15.004
Java,"(2019, 6, 6)",15.058
Java,"(2019, 7, 5)",16.028
Java,"(2019, 8, 9)",16.661
Java,"(2019, 9, 5)",16.884
Java,"(2019, 10, 3)",16.246
Java,"(2019, 11, 6)",17.253
Java,"(2020, 0, 5)",16.896
C,"(2001, 5, 30)",20.24
C,"(2001, 6, 30)",20.773
C,"(2001, 7, 30)",20.747
C,"(2001, 8, 28)",20.772
C,"(2001, 9, 26)",19.751
C,"(2001, 10, 28)",19.212
C,"(2001, 11, 31)",20.136
C,"(2002, 0, 30)",18.825
C,"(2002, 1, 27)",19.888
C,"(2002, 2, 29)",19.852
C,"(2002, 3, 29)",19.82
C,"(2002, 4, 29)",19.987
C,"(2002, 5, 29)",19.573
C,"(2002, 6, 31)",19.251
C,"(2002, 7, 29)",18.162
C,"(2002, 8, 29)",18.695
C,"(2002, 9, 30)",18.727
C,"(2002, 10, 29)",17.505
C,"(2002, 11, 31)",17.259
C,"(2003, 0, 31)",18.249
C,"(2003, 1, 28)",18.54
C,"(2003, 2, 31)",17.213
C,"(2003, 3, 30)",18.017
C,"(2003, 4, 30)",18.501
C,"(2003, 5, 30)",18.516
C,"(2003, 6, 31)",17.969
C,"(2003, 7, 31)",17.776
C,"(2003, 8, 30)",18.309
C,"(2003, 9, 31)",17.002
C,"(2003, 10, 30)",18.473
C,"(2003, 11, 31)",18.6
C,"(2004, 0, 31)",18.195
C,"(2004, 1, 29)",18.928
C,"(2004, 2, 31)",17.75
C,"(2004, 3, 30)",17.951
C,"(2004, 4, 30)",18.29
C,"(2004, 5, 30)",17.144
C,"(2004, 6, 31)",16.335
C,"(2004, 7, 30)",17.122
C,"(2004, 8, 30)",18.172
C,"(2004, 9, 31)",17.992
C,"(2004, 10, 30)",19.696
C,"(2004, 11, 31)",20.709
C,"(2005, 0, 31)",19.82
C,"(2005, 1, 28)",19.465
C,"(2005, 2, 31)",18.63
C,"(2005, 3, 30)",18.522
C,"(2005, 4, 31)",19.368
C,"(2005, 5, 30)",19.846
C,"(2005, 6, 31)",19.473
C,"(2005, 7, 31)",19.16
C,"(2005, 8, 30)",18.773
C,"(2005, 11, 3)",19.632
C,"(2006, 0, 4)",19.008
C,"(2006, 1, 2)",18.33
C,"(2006, 2, 1)",17.794
C,"(2006, 3, 2)",17.688
C,"(2006, 4, 1)",17.69
C,"(2006, 5, 1)",18.253
C,"(2006, 6, 2)",17.829
C,"(2006, 7, 2)",17.43
C,"(2006, 8, 2)",18.059
C,"(2006, 9, 1)",17.664
C,"(2006, 10, 2)",17.198
C,"(2006, 11, 1)",16.616
C,"(2007, 0, 2)",15.807
C,"(2007, 1, 3)",16.104
C,"(2007, 2, 3)",15.633
C,"(2007, 3, 1)",14.937
C,"(2007, 4, 5)",15.152
C,"(2007, 5, 2)",15.967
C,"(2007, 6, 2)",16.363
C,"(2007, 7, 5)",15.699
C,"(2007, 8, 2)",14.908
C,"(2007, 9, 4)",14.591
C,"(2007, 10, 4)",13.969
C,"(2007, 11, 3)",13.173
C,"(2008, 0, 3)",13.916
C,"(2008, 1, 7)",14.859
C,"(2008, 5, 1)",15.513
C,"(2008, 6, 2)",15.945
C,"(2008, 7, 3)",16.178
C,"(2008, 8, 3)",15.379
C,"(2008, 9, 6)",15.565
C,"(2008, 10, 2)",15.276
C,"(2008, 11, 3)",15.017
C,"(2009, 0, 2)",15.931
C,"(2009, 1, 1)",15.837
C,"(2009, 2, 5)",15.862
C,"(2009, 3, 7)",15.472
C,"(2009, 4, 1)",16.128
C,"(2009, 5, 4)",16.779
C,"(2009, 6, 2)",17.319
C,"(2009, 7, 1)",17.22
C,"(2009, 8, 5)",16.861
C,"(2009, 9, 2)",16.843
C,"(2009, 10, 2)",17.315
C,"(2009, 11, 2)",16.285
C,"(2010, 0, 5)",16.215
C,"(2010, 1, 7)",16.602
C,"(2010, 2, 7)",17.279
C,"(2010, 3, 5)",18.058
C,"(2010, 4, 15)",18.186
C,"(2010, 6, 6)",18.48
C,"(2010, 6, 30)",17.866
C,"(2010, 8, 11)",17.147
C,"(2010, 9, 2)",17.177
C,"(2010, 10, 3)",16.717
C,"(2010, 11, 7)",16.076
C,"(2011, 0, 2)",15.822
C,"(2011, 1, 8)",14.986
C,"(2011, 2, 8)",15.262
C,"(2011, 3, 3)",16.162
C,"(2011, 4, 2)",16.17
C,"(2011, 5, 5)",16.278
C,"(2011, 5, 27)",16.278
C,"(2011, 6, 8)",17.28
C,"(2011, 7, 3)",17.39
C,"(2011, 8, 10)",18.002
C,"(2011, 9, 9)",17.707
C,"(2011, 10, 7)",17.322
C,"(2011, 11, 4)",17.057
C,"(2012, 0, 8)",16.967
C,"(2012, 1, 5)",16.523
C,"(2012, 2, 11)",17.087
C,"(2012, 3, 8)",17.555
C,"(2012, 4, 9)",17.346
C,"(2012, 5, 10)",17.725
C,"(2012, 6, 4)",18.331
C,"(2012, 7, 10)",18.937
C,"(2012, 8, 2)",19.295
C,"(2012, 9, 5)",19.822
C,"(2012, 10, 4)",19.224
C,"(2012, 11, 2)",18.696
C,"(2013, 0, 5)",17.855
C,"(2013, 1, 8)",17.08
C,"(2013, 2, 11)",17.141
C,"(2013, 3, 7)",17.862
C,"(2013, 4, 8)",18.729
C,"(2013, 5, 9)",17.809
C,"(2013, 6, 7)",17.628
C,"(2013, 6, 12)",17.628
C,"(2013, 7, 4)",15.974
C,"(2013, 8, 11)",16.975
C,"(2013, 9, 10)",17.246
C,"(2013, 10, 9)",18.155
C,"(2013, 11, 6)",17.89
C,"(2014, 0, 1)",17.944
C,"(2014, 1, 8)",18.334
C,"(2014, 2, 3)",17.535
C,"(2014, 3, 10)",17.631
C,"(2014, 4, 7)",16.926
C,"(2014, 5, 8)",16.191
C,"(2014, 6, 6)",17.145
C,"(2014, 7, 11)",16.401
C,"(2014, 8, 1)",16.721
C,"(2014, 9, 3)",17.655
C,"(2014, 10, 8)",17.469
C,"(2014, 11, 7)",17.588
C,"(2015, 0, 6)",16.703
C,"(2015, 1, 5)",16.488
C,"(2015, 2, 7)",16.642
C,"(2015, 3, 13)",15.745
C,"(2015, 4, 13)",16.847
C,"(2015, 5, 6)",16.788
C,"(2015, 6, 12)",16.147
C,"(2015, 7, 6)",14.732
C,"(2015, 8, 5)",15.621
C,"(2015, 9, 4)",16.19
C,"(2015, 10, 7)",17.145
C,"(2015, 11, 4)",16.46
C,"(2016, 0, 2)",16.036
C,"(2016, 1, 2)",15.594
C,"(2016, 2, 3)",14.6
C,"(2016, 3, 7)",13.905
C,"(2016, 4, 6)",13.223
C,"(2016, 5, 5)",12.376
C,"(2016, 6, 4)",12.238
C,"(2016, 7, 6)",11.303
C,"(2016, 8, 8)",10.955
C,"(2016, 9, 7)",9.835
C,"(2016, 10, 5)",9.203
C,"(2016, 11, 4)",8.726
C,"(2017, 0, 7)",9.349
C,"(2017, 1, 8)",8.445
C,"(2017, 2, 7)",7.742
C,"(2017, 3, 9)",6.966
C,"(2017, 4, 6)",7.002
C,"(2017, 5, 3)",6.848
C,"(2017, 6, 7)",7.321
C,"(2017, 7, 2)",6.477
C,"(2017, 8, 6)",7.382
C,"(2017, 9, 5)",8.374
C,"(2017, 10, 12)",9.293
C,"(2017, 11, 9)",10.158
C,"(2018, 0, 3)",11.037
C,"(2018, 1, 8)",11.857
C,"(2018, 2, 7)",12.76
C,"(2018, 3, 1)",13.589
C,"(2018, 4, 6)",14.0
C,"(2018, 5, 10)",14.936
C,"(2018, 6, 7)",14.662
C,"(2018, 7, 1)",14.966
C,"(2018, 8, 3)",15.447
C,"(2018, 9, 5)",15.376
C,"(2018, 10, 8)",14.396
C,"(2018, 11, 2)",14.282
C,"(2019, 0, 4)",13.337
C,"(2019, 1, 6)",12.424
C,"(2019, 2, 2)",13.305
C,"(2019, 3, 7)",14.076
C,"(2019, 4, 4)",14.243
C,"(2019, 5, 9)",13.3
C,"(2019, 6, 6)",14.211
C,"(2019, 7, 5)",15.154
C,"(2019, 8, 9)",15.205
C,"(2019, 9, 5)",16.18
C,"(2019, 10, 3)",16.037
C,"(2019, 11, 6)",16.086
C,"(2020, 0, 5)",15.773
Python,"(2001, 5, 30)",1.25
Python,"(2001, 6, 30)",1.135
Python,"(2001, 7, 30)",1.197
Python,"(2001, 8, 28)",1.17
Python,"(2001, 9, 26)",1.284
Python,"(2001, 10, 28)",1.234
Python,"(2001, 11, 31)",1.043
Python,"(2002, 0, 30)",1.017
Python,"(2002, 1, 27)",0.987
Python,"(2002, 2, 29)",0.989
Python,"(2002, 3, 29)",1.069
Python,"(2002, 4, 29)",1.057
Python,"(2002, 5, 29)",1.125
Python,"(2002, 6, 31)",1.081
Python,"(2002, 7, 29)",1.217
Python,"(2002, 8, 29)",1.081
Python,"(2002, 9, 30)",1.187
Python,"(2002, 10, 29)",1.005
Python,"(2002, 11, 31)",1.002
Python,"(2003, 0, 31)",1.033
Python,"(2003, 1, 28)",0.974
Python,"(2003, 2, 31)",0.988
Python,"(2003, 3, 30)",1.007
Python,"(2003, 4, 30)",1.161
Python,"(2003, 5, 30)",1.285
Python,"(2003, 6, 31)",1.297
Python,"(2003, 7, 31)",1.425
Python,"(2003, 8, 30)",1.486
Python,"(2003, 9, 31)",1.766
Python,"(2003, 10, 30)",1.097
Python,"(2003, 11, 31)",1.125
Python,"(2004, 0, 31)",1.006
Python,"(2004, 1, 29)",1.018
Python,"(2004, 2, 31)",1.008
Python,"(2004, 3, 30)",4.565
Python,"(2004, 4, 30)",6.579
Python,"(2004, 5, 30)",4.963
Python,"(2004, 6, 31)",4.704
Python,"(2004, 7, 30)",5.597
Python,"(2004, 8, 30)",4.438
Python,"(2004, 9, 31)",5.2
Python,"(2004, 10, 30)",3.029
Python,"(2004, 11, 31)",2.842
Python,"(2005, 0, 31)",2.506
Python,"(2005, 1, 28)",2.424
Python,"(2005, 2, 31)",2.697
Python,"(2005, 3, 30)",2.48
Python,"(2005, 4, 31)",2.802
Python,"(2005, 5, 30)",2.525
Python,"(2005, 6, 31)",2.883
Python,"(2005, 7, 31)",3.032
Python,"(2005, 8, 30)",2.882
Python,"(2005, 11, 3)",2.678
Python,"(2006, 0, 4)",2.605
Python,"(2006, 1, 2)",2.669
Python,"(2006, 2, 1)",3.093
Python,"(2006, 3, 2)",2.759
Python,"(2006, 4, 1)",3.042
Python,"(2006, 5, 1)",3.464
Python,"(2006, 6, 2)",3.017
Python,"(2006, 7, 2)",3.071
Python,"(2006, 8, 2)",3.144
Python,"(2006, 9, 1)",3.466
Python,"(2006, 10, 2)",3.641
Python,"(2006, 11, 1)",3.762
Python,"(2007, 0, 2)",3.502
Python,"(2007, 1, 3)",3.566
Python,"(2007, 2, 3)",3.897
Python,"(2007, 3, 1)",3.814
Python,"(2007, 4, 5)",3.779
Python,"(2007, 5, 2)",3.161
Python,"(2007, 6, 2)",3.024
Python,"(2007, 7, 5)",2.749
Python,"(2007, 8, 2)",3.025
Python,"(2007, 9, 4)",3.433
Python,"(2007, 10, 4)",4.227
Python,"(2007, 11, 3)",4.697
Python,"(2008, 0, 3)",5.538
Python,"(2008, 1, 7)",4.763
Python,"(2008, 5, 1)",4.899
Python,"(2008, 6, 2)",4.973
Python,"(2008, 7, 3)",4.975
Python,"(2008, 8, 3)",5.012
Python,"(2008, 9, 6)",4.565
Python,"(2008, 10, 2)",5.14
Python,"(2008, 11, 3)",4.169
Python,"(2009, 0, 2)",4.731
Python,"(2009, 1, 1)",4.567
Python,"(2009, 2, 5)",5.185
Python,"(2009, 3, 7)",6.08
Python,"(2009, 4, 1)",5.548
Python,"(2009, 5, 4)",4.756
Python,"(2009, 6, 2)",4.435
Python,"(2009, 7, 1)",4.489
Python,"(2009, 8, 5)",3.93
Python,"(2009, 9, 2)",3.901
Python,"(2009, 10, 2)",4.672
Python,"(2009, 11, 2)",5.185
Python,"(2010, 0, 5)",4.453
Python,"(2010, 1, 7)",4.314
Python,"(2010, 2, 7)",4.23
Python,"(2010, 3, 5)",4.205
Python,"(2010, 4, 15)",4.097
Python,"(2010, 6, 6)",4.217
Python,"(2010, 6, 30)",4.223
Python,"(2010, 8, 11)",4.583
Python,"(2010, 9, 2)",4.86
Python,"(2010, 10, 3)",5.679
Python,"(2010, 11, 7)",6.482
Python,"(2011, 0, 2)",6.265
Python,"(2011, 1, 8)",7.038
Python,"(2011, 2, 8)",5.737
Python,"(2011, 3, 3)",4.931
Python,"(2011, 4, 2)",4.583
Python,"(2011, 5, 5)",3.899
Python,"(2011, 5, 27)",3.899
Python,"(2011, 6, 8)",3.583
Python,"(2011, 7, 3)",3.415
Python,"(2011, 8, 10)",4.0
Python,"(2011, 9, 9)",3.944
Python,"(2011, 10, 7)",3.617
Python,"(2011, 11, 4)",3.492
Python,"(2012, 0, 8)",3.213
Python,"(2012, 1, 5)",3.148
Python,"(2012, 2, 11)",3.291
Python,"(2012, 3, 8)",3.665
Python,"(2012, 4, 9)",3.819
Python,"(2012, 5, 10)",3.848
Python,"(2012, 6, 4)",4.0
Python,"(2012, 7, 10)",3.876
Python,"(2012, 8, 2)",3.861
Python,"(2012, 9, 5)",3.895
Python,"(2012, 10, 4)",4.062
Python,"(2012, 11, 2)",3.848
Python,"(2013, 0, 5)",4.173
Python,"(2013, 1, 8)",4.949
Python,"(2013, 2, 11)",4.388
Python,"(2013, 3, 7)",4.442
Python,"(2013, 4, 8)",4.322
Python,"(2013, 5, 9)",4.183
Python,"(2013, 6, 7)",4.035
Python,"(2013, 6, 12)",4.035
Python,"(2013, 7, 4)",3.603
Python,"(2013, 8, 11)",3.169
Python,"(2013, 9, 10)",3.107
Python,"(2013, 10, 9)",3.11
Python,"(2013, 11, 6)",2.21
Python,"(2014, 0, 1)",2.373
Python,"(2014, 1, 8)",2.157
Python,"(2014, 2, 3)",2.021
Python,"(2014, 3, 10)",1.993
Python,"(2014, 4, 7)",3.057
Python,"(2014, 5, 8)",2.71
Python,"(2014, 6, 6)",2.656
Python,"(2014, 7, 11)",3.121
Python,"(2014, 8, 1)",2.782
Python,"(2014, 9, 3)",2.333
Python,"(2014, 10, 8)",2.589
Python,"(2014, 11, 7)",2.287
Python,"(2015, 0, 6)",2.613
Python,"(2015, 1, 5)",2.882
Python,"(2015, 2, 7)",2.614
Python,"(2015, 3, 13)",2.69
Python,"(2015, 4, 13)",3.725
Python,"(2015, 5, 6)",3.999
Python,"(2015, 6, 12)",4.257
Python,"(2015, 7, 6)",4.066
Python,"(2015, 8, 5)",3.664
Python,"(2015, 9, 4)",4.512
Python,"(2015, 10, 7)",3.771
Python,"(2015, 11, 4)",4.429
Python,"(2016, 0, 2)",3.854
Python,"(2016, 1, 2)",4.18
Python,"(2016, 2, 3)",4.257
Python,"(2016, 3, 7)",3.33
Python,"(2016, 4, 6)",3.789
Python,"(2016, 5, 5)",3.9
Python,"(2016, 6, 4)",4.166
Python,"(2016, 7, 6)",4.404
Python,"(2016, 8, 8)",4.302
Python,"(2016, 9, 7)",3.775
Python,"(2016, 10, 5)",3.567
Python,"(2016, 11, 4)",4.239
Python,"(2017, 0, 7)",3.465
Python,"(2017, 1, 8)",4.043
Python,"(2017, 2, 7)",3.919
Python,"(2017, 3, 9)",3.457
Python,"(2017, 4, 6)",3.548
Python,"(2017, 5, 3)",4.333
Python,"(2017, 6, 7)",3.543
Python,"(2017, 7, 2)",3.692
Python,"(2017, 8, 6)",2.983
Python,"(2017, 9, 5)",3.803
Python,"(2017, 10, 12)",4.482
Python,"(2017, 11, 9)",3.777
Python,"(2018, 0, 3)",4.678
Python,"(2018, 1, 8)",5.168
Python,"(2018, 2, 7)",5.869
Python,"(2018, 3, 1)",5.803
Python,"(2018, 4, 6)",5.192
Python,"(2018, 5, 10)",5.761
Python,"(2018, 6, 7)",6.361
Python,"(2018, 7, 1)",6.992
Python,"(2018, 8, 3)",7.653
Python,"(2018, 9, 5)",7.156
Python,"(2018, 10, 8)",7.683
Python,"(2018, 11, 2)",8.376
Python,"(2019, 0, 4)",8.294
Python,"(2019, 1, 6)",7.574
Python,"(2019, 2, 2)",8.262
Python,"(2019, 3, 7)",8.166
Python,"(2019, 4, 4)",7.83
Python,"(2019, 5, 9)",8.53
Python,"(2019, 6, 6)",9.26
Python,"(2019, 7, 5)",10.02
Python,"(2019, 8, 9)",9.874
Python,"(2019, 9, 5)",9.089
Python,"(2019, 10, 3)",9.842
Python,"(2019, 11, 6)",10.308
Python,"(2020, 0, 5)",9.704
C++,"(2001, 5, 30)",14.2
C++,"(2001, 6, 30)",16.111
C++,"(2001, 7, 30)",16.124
C++,"(2001, 8, 28)",15.852
C++,"(2001, 9, 26)",16.097
C++,"(2001, 10, 28)",15.673
C++,"(2001, 11, 31)",14.963
C++,"(2002, 0, 30)",15.182
C++,"(2002, 1, 27)",15.537
C++,"(2002, 2, 29)",15.912
C++,"(2002, 3, 29)",15.372
C++,"(2002, 4, 29)",14.857
C++,"(2002, 5, 29)",14.179
C++,"(2002, 6, 31)",14.939
C++,"(2002, 7, 29)",14.769
C++,"(2002, 8, 29)",15.897
C++,"(2002, 9, 30)",15.035
C++,"(2002, 10, 29)",13.644
C++,"(2002, 11, 31)",13.186
C++,"(2003, 0, 31)",14.634
C++,"(2003, 1, 28)",15.533
C++,"(2003, 2, 31)",14.572
C++,"(2003, 3, 30)",15.801
C++,"(2003, 4, 30)",15.584
C++,"(2003, 5, 30)",16.719
C++,"(2003, 6, 31)",16.577
C++,"(2003, 7, 31)",17.531
C++,"(2003, 8, 30)",16.173
C++,"(2003, 9, 31)",16.312
C++,"(2003, 10, 30)",17.422
C++,"(2003, 11, 31)",16.083
C++,"(2004, 0, 31)",15.71
C++,"(2004, 1, 29)",14.5
C++,"(2004, 2, 31)",15.99
C++,"(2004, 3, 30)",12.27
C++,"(2004, 4, 30)",12.548
C++,"(2004, 5, 30)",13.442
C++,"(2004, 6, 31)",15.306
C++,"(2004, 7, 30)",14.916
C++,"(2004, 8, 30)",15.016
C++,"(2004, 9, 31)",13.865
C++,"(2004, 10, 30)",11.914
C++,"(2004, 11, 31)",11.927
C++,"(2005, 0, 31)",11.337
C++,"(2005, 1, 28)",11.632
C++,"(2005, 2, 31)",10.191
C++,"(2005, 3, 30)",9.903
C++,"(2005, 4, 31)",9.722
C++,"(2005, 5, 30)",11.06
C++,"(2005, 6, 31)",10.514
C++,"(2005, 7, 31)",11.168
C++,"(2005, 8, 30)",11.82
C++,"(2005, 11, 3)",11.027
C++,"(2006, 0, 4)",11.465
C++,"(2006, 1, 2)",11.295
C++,"(2006, 2, 1)",11.159
C++,"(2006, 3, 2)",10.9
C++,"(2006, 4, 1)",10.935
C++,"(2006, 5, 1)",10.67
C++,"(2006, 6, 2)",9.779
C++,"(2006, 7, 2)",10.254
C++,"(2006, 8, 2)",10.753
C++,"(2006, 9, 1)",11.063
C++,"(2006, 10, 2)",11.055
C++,"(2006, 11, 1)",10.409
C++,"(2007, 0, 2)",10.425
C++,"(2007, 1, 3)",10.768
C++,"(2007, 2, 3)",11.109
C++,"(2007, 3, 1)",10.718
C++,"(2007, 4, 5)",10.114
C++,"(2007, 5, 2)",11.118
C++,"(2007, 6, 2)",10.502
C++,"(2007, 7, 5)",10.111
C++,"(2007, 8, 2)",9.938
C++,"(2007, 9, 4)",9.584
C++,"(2007, 10, 4)",8.75
C++,"(2007, 11, 3)",7.871
C++,"(2008, 0, 3)",8.73
C++,"(2008, 1, 7)",9.274
C++,"(2008, 5, 1)",10.806
C++,"(2008, 6, 2)",10.693
C++,"(2008, 7, 3)",10.057
C++,"(2008, 8, 3)",10.716
C++,"(2008, 9, 6)",10.954
C++,"(2008, 10, 2)",10.357
C++,"(2008, 11, 3)",10.096
C++,"(2009, 0, 2)",10.116
C++,"(2009, 1, 1)",9.633
C++,"(2009, 2, 5)",10.357
C++,"(2009, 3, 7)",10.741
C++,"(2009, 4, 1)",11.068
C++,"(2009, 5, 4)",10.594
C++,"(2009, 6, 2)",10.419
C++,"(2009, 7, 1)",10.501
C++,"(2009, 8, 5)",9.988
C++,"(2009, 9, 2)",9.879
C++,"(2009, 10, 2)",10.002
C++,"(2009, 11, 2)",9.175
C++,"(2010, 0, 5)",9.709
C++,"(2010, 1, 7)",9.447
C++,"(2010, 2, 7)",9.61
C++,"(2010, 3, 5)",9.707
C++,"(2010, 4, 15)",10.378
C++,"(2010, 6, 6)",10.469
C++,"(2010, 6, 30)",9.658
C++,"(2010, 8, 11)",9.812
C++,"(2010, 9, 2)",9.802
C++,"(2010, 10, 3)",9.497
C++,"(2010, 11, 7)",9.014
C++,"(2011, 0, 2)",8.783
C++,"(2011, 1, 8)",8.187
C++,"(2011, 2, 8)",8.754
C++,"(2011, 3, 3)",9.225
C++,"(2011, 4, 2)",9.146
C++,"(2011, 5, 5)",9.83
C++,"(2011, 5, 27)",9.83
C++,"(2011, 6, 8)",9.017
C++,"(2011, 7, 3)",8.433
C++,"(2011, 8, 10)",8.849
C++,"(2011, 9, 9)",9.072
C++,"(2011, 10, 7)",8.084
C++,"(2011, 11, 4)",8.252
C++,"(2012, 0, 8)",8.052
C++,"(2012, 1, 5)",7.853
C++,"(2012, 2, 11)",8.047
C++,"(2012, 3, 8)",8.896
C++,"(2012, 4, 9)",9.825
C++,"(2012, 5, 10)",9.358
C++,"(2012, 6, 4)",9.118
C++,"(2012, 7, 10)",9.333
C++,"(2012, 8, 2)",9.147
C++,"(2012, 9, 5)",9.26
C++,"(2012, 10, 4)",9.698
C++,"(2012, 11, 2)",9.203
C++,"(2013, 0, 5)",9.14
C++,"(2013, 1, 8)",8.758
C++,"(2013, 2, 11)",9.115
C++,"(2013, 3, 7)",9.714
C++,"(2013, 4, 8)",9.198
C++,"(2013, 5, 9)",8.819
C++,"(2013, 6, 7)",8.749
C++,"(2013, 6, 12)",8.749
C++,"(2013, 7, 4)",9.371
C++,"(2013, 8, 11)",8.664
C++,"(2013, 9, 10)",8.664
C++,"(2013, 10, 9)",8.369
C++,"(2013, 11, 6)",8.268
C++,"(2014, 0, 1)",7.562
C++,"(2014, 1, 8)",6.892
C++,"(2014, 2, 3)",6.313
C++,"(2014, 3, 10)",6.137
C++,"(2014, 4, 7)",5.986
C++,"(2014, 5, 8)",6.425
C++,"(2014, 6, 6)",5.52
C++,"(2014, 7, 11)",4.695
C++,"(2014, 8, 1)",4.674
C++,"(2014, 9, 3)",4.868
C++,"(2014, 10, 8)",6.098
C++,"(2014, 11, 7)",6.104
C++,"(2015, 0, 6)",6.705
C++,"(2015, 1, 5)",6.612
C++,"(2015, 2, 7)",6.636
C++,"(2015, 3, 13)",6.962
C++,"(2015, 4, 13)",7.875
C++,"(2015, 5, 6)",7.756
C++,"(2015, 6, 12)",8.641
C++,"(2015, 7, 6)",7.735
C++,"(2015, 8, 5)",6.782
C++,"(2015, 9, 4)",5.749
C++,"(2015, 10, 7)",6.198
C++,"(2015, 11, 4)",5.943
C++,"(2016, 0, 2)",6.914
C++,"(2016, 1, 2)",6.907
C++,"(2016, 2, 3)",6.721
C++,"(2016, 3, 7)",5.918
C++,"(2016, 4, 6)",6.698
C++,"(2016, 5, 5)",6.199
C++,"(2016, 6, 4)",6.311
C++,"(2016, 7, 6)",5.8
C++,"(2016, 8, 8)",6.657
C++,"(2016, 9, 7)",5.797
C++,"(2016, 10, 5)",5.415
C++,"(2016, 11, 4)",5.335
C++,"(2017, 0, 7)",6.301
C++,"(2017, 1, 8)",5.429
C++,"(2017, 2, 7)",5.184
C++,"(2017, 3, 9)",4.554
C++,"(2017, 4, 6)",4.751
C++,"(2017, 5, 3)",5.723
C++,"(2017, 6, 7)",5.576
C++,"(2017, 7, 2)",5.55
C++,"(2017, 8, 6)",5.565
C++,"(2017, 9, 5)",5.007
C++,"(2017, 10, 12)",5.343
C++,"(2017, 11, 9)",4.717
C++,"(2018, 0, 3)",5.603
C++,"(2018, 1, 8)",5.726
C++,"(2018, 2, 7)",6.452
C++,"(2018, 3, 1)",7.218
C++,"(2018, 4, 6)",7.668
C++,"(2018, 5, 10)",8.337
C++,"(2018, 6, 7)",7.615
C++,"(2018, 7, 1)",7.471
C++,"(2018, 8, 3)",7.394
C++,"(2018, 9, 5)",7.593
C++,"(2018, 10, 8)",8.282
C++,"(2018, 11, 2)",7.562
C++,"(2019, 0, 4)",8.158
C++,"(2019, 1, 6)",7.444
C++,"(2019, 2, 2)",8.126
C++,"(2019, 3, 7)",8.838
C++,"(2019, 4, 4)",8.095
C++,"(2019, 5, 9)",7.384
C++,"(2019, 6, 6)",6.705
C++,"(2019, 7, 5)",6.057
C++,"(2019, 8, 9)",5.635
C++,"(2019, 9, 5)",6.229
C++,"(2019, 10, 3)",5.605
C++,"(2019, 11, 6)",6.196
C++,"(2020, 0, 5)",5.574
C#,"(2001, 5, 30)",0.385
C#,"(2001, 6, 30)",0.429
C#,"(2001, 7, 30)",0.384
C#,"(2001, 8, 28)",0.391
C#,"(2001, 9, 26)",0.424
C#,"(2001, 10, 28)",0.764
C#,"(2001, 11, 31)",0.591
C#,"(2002, 0, 30)",0.616
C#,"(2002, 1, 27)",0.744
C#,"(2002, 2, 29)",0.741
C#,"(2002, 3, 29)",1.178
C#,"(2002, 4, 29)",1.164
C#,"(2002, 5, 29)",1.464
C#,"(2002, 6, 31)",1.36
C#,"(2002, 7, 29)",1.464
C#,"(2002, 8, 29)",1.653
C#,"(2002, 9, 30)",1.78
C#,"(2002, 10, 29)",2.38
C#,"(2002, 11, 31)",2.455
C#,"(2003, 0, 31)",1.986
C#,"(2003, 1, 28)",1.976
C#,"(2003, 2, 31)",2.377
C#,"(2003, 3, 30)",1.884
C#,"(2003, 4, 30)",1.935
C#,"(2003, 5, 30)",1.776
C#,"(2003, 6, 31)",2.001
C#,"(2003, 7, 31)",2.062
C#,"(2003, 8, 30)",1.94
C#,"(2003, 9, 31)",1.899
C#,"(2003, 10, 30)",1.705
C#,"(2003, 11, 31)",1.799
C#,"(2004, 0, 31)",2.177
C#,"(2004, 1, 29)",2.237
C#,"(2004, 2, 31)",2.137
C#,"(2004, 3, 30)",1.877
C#,"(2004, 4, 30)",1.649
C#,"(2004, 5, 30)",1.666
C#,"(2004, 6, 31)",1.633
C#,"(2004, 7, 30)",1.634
C#,"(2004, 8, 30)",1.644
C#,"(2004, 9, 31)",1.504
C#,"(2004, 10, 30)",1.947
C#,"(2004, 11, 31)",2.203
C#,"(2005, 0, 31)",2.363
C#,"(2005, 1, 28)",2.527
C#,"(2005, 2, 31)",2.82
C#,"(2005, 3, 30)",2.767
C#,"(2005, 4, 31)",2.783
C#,"(2005, 5, 30)",3.142
C#,"(2005, 6, 31)",3.485
C#,"(2005, 7, 31)",3.29
C#,"(2005, 8, 30)",3.462
C#,"(2005, 11, 3)",3.31
C#,"(2006, 0, 4)",3.555
C#,"(2006, 1, 2)",3.972
C#,"(2006, 2, 1)",3.146
C#,"(2006, 3, 2)",3.948
C#,"(2006, 4, 1)",3.271
C#,"(2006, 5, 1)",3.238
C#,"(2006, 6, 2)",3.401
C#,"(2006, 7, 2)",2.683
C#,"(2006, 8, 2)",2.992
C#,"(2006, 9, 1)",3.065
C#,"(2006, 10, 2)",3.023
C#,"(2006, 11, 1)",3.171
C#,"(2007, 0, 2)",3.521
C#,"(2007, 1, 3)",3.189
C#,"(2007, 2, 3)",3.365
C#,"(2007, 3, 1)",3.551
C#,"(2007, 4, 5)",3.656
C#,"(2007, 5, 2)",3.483
C#,"(2007, 6, 2)",3.71
C#,"(2007, 7, 5)",3.987
C#,"(2007, 8, 2)",3.583
C#,"(2007, 9, 4)",3.74
C#,"(2007, 10, 4)",3.917
C#,"(2007, 11, 3)",3.994
C#,"(2008, 0, 3)",4.856
C#,"(2008, 1, 7)",4.51
C#,"(2008, 5, 1)",4.058
C#,"(2008, 6, 2)",4.0
C#,"(2008, 7, 3)",3.697
C#,"(2008, 8, 3)",4.334
C#,"(2008, 9, 6)",3.767
C#,"(2008, 10, 2)",4.026
C#,"(2008, 11, 3)",4.578
C#,"(2009, 0, 2)",5.609
C#,"(2009, 1, 1)",5.062
C#,"(2009, 2, 5)",4.321
C#,"(2009, 3, 7)",4.059
C#,"(2009, 4, 1)",4.266
C#,"(2009, 5, 4)",4.536
C#,"(2009, 6, 2)",4.54
C#,"(2009, 7, 1)",4.443
C#,"(2009, 8, 5)",4.186
C#,"(2009, 9, 2)",4.417
C#,"(2009, 10, 2)",5.346
C#,"(2009, 11, 2)",6.258
C#,"(2010, 0, 5)",5.767
C#,"(2010, 1, 7)",5.015
C#,"(2010, 2, 7)",4.264
C#,"(2010, 3, 5)",4.435
C#,"(2010, 4, 15)",4.779
C#,"(2010, 6, 6)",5.73
C#,"(2010, 6, 30)",4.986
C#,"(2010, 8, 11)",5.016
C#,"(2010, 9, 2)",4.963
C#,"(2010, 10, 3)",5.706
C#,"(2010, 11, 7)",6.687
C#,"(2011, 0, 2)",6.226
C#,"(2011, 1, 8)",6.809
C#,"(2011, 2, 8)",7.21
C#,"(2011, 3, 3)",7.185
C#,"(2011, 4, 2)",7.539
C#,"(2011, 5, 5)",6.844
C#,"(2011, 5, 27)",6.844
C#,"(2011, 6, 8)",6.221
C#,"(2011, 7, 3)",6.042
C#,"(2011, 8, 10)",6.819
C#,"(2011, 9, 9)",6.723
C#,"(2011, 10, 7)",7.319
C#,"(2011, 11, 4)",8.205
C#,"(2012, 0, 8)",8.763
C#,"(2012, 1, 5)",8.653
C#,"(2012, 2, 11)",8.244
C#,"(2012, 3, 8)",7.348
C#,"(2012, 4, 9)",6.823
C#,"(2012, 5, 10)",7.026
C#,"(2012, 6, 4)",6.668
C#,"(2012, 7, 10)",6.59
C#,"(2012, 8, 2)",6.596
C#,"(2012, 9, 5)",6.53
C#,"(2012, 10, 4)",5.591
C#,"(2012, 11, 2)",5.547
C#,"(2013, 0, 5)",6.196
C#,"(2013, 1, 8)",6.68
C#,"(2013, 2, 11)",6.597
C#,"(2013, 3, 7)",6.15
C#,"(2013, 4, 8)",6.119
C#,"(2013, 5, 9)",5.783
C#,"(2013, 6, 7)",6.212
C#,"(2013, 6, 12)",6.212
C#,"(2013, 7, 4)",6.117
C#,"(2013, 8, 11)",5.564
C#,"(2013, 9, 10)",5.718
C#,"(2013, 10, 9)",6.024
C#,"(2013, 11, 6)",5.62
C#,"(2014, 0, 1)",5.85
C#,"(2014, 1, 8)",6.45
C#,"(2014, 2, 3)",5.572
C#,"(2014, 3, 10)",4.82
C#,"(2014, 4, 7)",3.745
C#,"(2014, 5, 8)",3.944
C#,"(2014, 6, 6)",4.051
C#,"(2014, 7, 11)",3.409
C#,"(2014, 8, 1)",4.352
C#,"(2014, 9, 3)",4.748
C#,"(2014, 10, 8)",4.985
C#,"(2014, 11, 7)",4.328
C#,"(2015, 0, 6)",5.045
C#,"(2015, 1, 5)",5.738
C#,"(2015, 2, 7)",4.923
C#,"(2015, 3, 13)",4.947
C#,"(2015, 4, 13)",5.264
C#,"(2015, 5, 6)",5.056
C#,"(2015, 6, 12)",5.652
C#,"(2015, 7, 6)",4.837
C#,"(2015, 8, 5)",4.909
C#,"(2015, 9, 4)",4.825
C#,"(2015, 10, 7)",4.318
C#,"(2015, 11, 4)",4.114
C#,"(2016, 0, 2)",4.707
C#,"(2016, 1, 2)",4.4
C#,"(2016, 2, 3)",4.271
C#,"(2016, 3, 7)",3.796
C#,"(2016, 4, 6)",4.481
C#,"(2016, 5, 5)",3.786
C#,"(2016, 6, 4)",3.92
C#,"(2016, 7, 6)",4.907
C#,"(2016, 8, 8)",5.493
C#,"(2016, 9, 7)",4.367
C#,"(2016, 10, 5)",3.659
C#,"(2016, 11, 4)",3.171
C#,"(2017, 0, 7)",4.039
C#,"(2017, 1, 8)",4.902
C#,"(2017, 2, 7)",4.409
C#,"(2017, 3, 9)",3.579
C#,"(2017, 4, 6)",3.457
C#,"(2017, 5, 3)",3.53
C#,"(2017, 6, 7)",3.518
C#,"(2017, 7, 2)",4.195
C#,"(2017, 8, 6)",4.779
C#,"(2017, 9, 5)",3.858
C#,"(2017, 10, 12)",3.012
C#,"(2017, 11, 9)",2.822
C#,"(2018, 0, 3)",3.754
C#,"(2018, 1, 8)",4.453
C#,"(2018, 2, 7)",5.067
C#,"(2018, 3, 1)",5.265
C#,"(2018, 4, 6)",4.402
C#,"(2018, 5, 10)",4.314
C#,"(2018, 6, 7)",3.795
C#,"(2018, 7, 1)",3.541
C#,"(2018, 8, 3)",3.295
C#,"(2018, 9, 5)",3.485
C#,"(2018, 10, 8)",3.952
C#,"(2018, 11, 2)",3.455
C#,"(2019, 0, 4)",3.284
C#,"(2019, 1, 6)",2.846
C#,"(2019, 2, 2)",3.267
C#,"(2019, 3, 7)",3.515
C#,"(2019, 4, 4)",3.984
C#,"(2019, 5, 9)",4.483
C#,"(2019, 6, 6)",4.365
C#,"(2019, 7, 5)",3.842
C#,"(2019, 8, 9)",3.399
C#,"(2019, 9, 5)",3.86
C#,"(2019, 10, 3)",4.316
C#,"(2019, 11, 6)",4.801
C#,"(2020, 0, 5)",5.349
Visual Basic .NET,"(2001, 5, 30)",0.0
Visual Basic .NET,"(2001, 6, 30)",0.0
Visual Basic .NET,"(2001, 7, 30)",0.0
Visual Basic .NET,"(2001, 8, 28)",0.0
Visual Basic .NET,"(2001, 9, 26)",0.0
Visual Basic .NET,"(2001, 10, 28)",0.0
Visual Basic .NET,"(2001, 11, 31)",0.0
Visual Basic .NET,"(2002, 0, 30)",0.0
Visual Basic .NET,"(2002, 1, 27)",0.0
Visual Basic .NET,"(2002, 2, 29)",0.0
Visual Basic .NET,"(2002, 3, 29)",0.0
Visual Basic .NET,"(2002, 4, 29)",0.0
Visual Basic .NET,"(2002, 5, 29)",0.0
Visual Basic .NET,"(2002, 6, 31)",0.0
Visual Basic .NET,"(2002, 7, 29)",0.0
Visual Basic .NET,"(2002, 8, 29)",0.0
Visual Basic .NET,"(2002, 9, 30)",0.0
Visual Basic .NET,"(2002, 10, 29)",0.0
Visual Basic .NET,"(2002, 11, 31)",0.0
Visual Basic .NET,"(2003, 0, 31)",0.0
Visual Basic .NET,"(2003, 1, 28)",0.0
Visual Basic .NET,"(2003, 2, 31)",0.0
Visual Basic .NET,"(2003, 3, 30)",0.0
Visual Basic .NET,"(2003, 4, 30)",0.0
Visual Basic .NET,"(2003, 5, 30)",0.0
Visual Basic .NET,"(2003, 6, 31)",0.0
Visual Basic .NET,"(2003, 7, 31)",0.0
Visual Basic .NET,"(2003, 8, 30)",0.0
Visual Basic .NET,"(2003, 9, 31)",0.0
Visual Basic .NET,"(2003, 10, 30)",0.0
Visual Basic .NET,"(2003, 11, 31)",0.0
Visual Basic .NET,"(2004, 0, 31)",0.0
Visual Basic .NET,"(2004, 1, 29)",0.0
Visual Basic .NET,"(2004, 2, 31)",0.0
Visual Basic .NET,"(2004, 3, 30)",0.0
Visual Basic .NET,"(2004, 4, 30)",0.0
Visual Basic .NET,"(2004, 5, 30)",0.0
Visual Basic .NET,"(2004, 6, 31)",0.0
Visual Basic .NET,"(2004, 7, 30)",0.0
Visual Basic .NET,"(2004, 8, 30)",0.0
Visual Basic .NET,"(2004, 9, 31)",0.0
Visual Basic .NET,"(2004, 10, 30)",0.0
Visual Basic .NET,"(2004, 11, 31)",0.0
Visual Basic .NET,"(2005, 0, 31)",0.0
Visual Basic .NET,"(2005, 1, 28)",0.0
Visual Basic .NET,"(2005, 2, 31)",0.0
Visual Basic .NET,"(2005, 3, 30)",0.0
Visual Basic .NET,"(2005, 4, 31)",0.0
Visual Basic .NET,"(2005, 5, 30)",0.0
Visual Basic .NET,"(2005, 6, 31)",0.0
Visual Basic .NET,"(2005, 7, 31)",0.0
Visual Basic .NET,"(2005, 8, 30)",0.0
Visual Basic .NET,"(2005, 11, 3)",0.0
Visual Basic .NET,"(2006, 0, 4)",0.0
Visual Basic .NET,"(2006, 1, 2)",0.0
Visual Basic .NET,"(2006, 2, 1)",0.0
Visual Basic .NET,"(2006, 3, 2)",0.0
Visual Basic .NET,"(2006, 4, 1)",0.0
Visual Basic .NET,"(2006, 5, 1)",0.0
Visual Basic .NET,"(2006, 6, 2)",0.0
Visual Basic .NET,"(2006, 7, 2)",0.0
Visual Basic .NET,"(2006, 8, 2)",0.0
Visual Basic .NET,"(2006, 9, 1)",0.0
Visual Basic .NET,"(2006, 10, 2)",0.0
Visual Basic .NET,"(2006, 11, 1)",0.0
Visual Basic .NET,"(2007, 0, 2)",0.0
Visual Basic .NET,"(2007, 1, 3)",0.0
Visual Basic .NET,"(2007, 2, 3)",0.0
Visual Basic .NET,"(2007, 3, 1)",0.0
Visual Basic .NET,"(2007, 4, 5)",0.0
Visual Basic .NET,"(2007, 5, 2)",0.0
Visual Basic .NET,"(2007, 6, 2)",0.0
Visual Basic .NET,"(2007, 7, 5)",0.0
Visual Basic .NET,"(2007, 8, 2)",0.0
Visual Basic .NET,"(2007, 9, 4)",0.0
Visual Basic .NET,"(2007, 10, 4)",0.0
Visual Basic .NET,"(2007, 11, 3)",0.0
Visual Basic .NET,"(2008, 0, 3)",0.0
Visual Basic .NET,"(2008, 1, 7)",0.0
Visual Basic .NET,"(2008, 5, 1)",0.0
Visual Basic .NET,"(2008, 6, 2)",0.0
Visual Basic .NET,"(2008, 7, 3)",0.0
Visual Basic .NET,"(2008, 8, 3)",0.0
Visual Basic .NET,"(2008, 9, 6)",0.0
Visual Basic .NET,"(2008, 10, 2)",0.0
Visual Basic .NET,"(2008, 11, 3)",0.0
Visual Basic .NET,"(2009, 0, 2)",0.0
Visual Basic .NET,"(2009, 1, 1)",0.0
Visual Basic .NET,"(2009, 2, 5)",0.0
Visual Basic .NET,"(2009, 3, 7)",0.0
Visual Basic .NET,"(2009, 4, 1)",0.0
Visual Basic .NET,"(2009, 5, 4)",0.0
Visual Basic .NET,"(2009, 6, 2)",0.0
Visual Basic .NET,"(2009, 7, 1)",0.0
Visual Basic .NET,"(2009, 8, 5)",0.0
Visual Basic .NET,"(2009, 9, 2)",0.0
Visual Basic .NET,"(2009, 10, 2)",0.0
Visual Basic .NET,"(2009, 11, 2)",0.0
Visual Basic .NET,"(2010, 0, 5)",0.0
Visual Basic .NET,"(2010, 1, 7)",0.0
Visual Basic .NET,"(2010, 2, 7)",0.0
Visual Basic .NET,"(2010, 3, 5)",0.0
Visual Basic .NET,"(2010, 4, 15)",0.0
Visual Basic .NET,"(2010, 6, 6)",0.0
Visual Basic .NET,"(2010, 6, 30)",0.0
Visual Basic .NET,"(2010, 8, 11)",0.328
Visual Basic .NET,"(2010, 9, 2)",0.325
Visual Basic .NET,"(2010, 10, 3)",0.323
Visual Basic .NET,"(2010, 11, 7)",0.259
Visual Basic .NET,"(2011, 0, 2)",0.263
Visual Basic .NET,"(2011, 1, 8)",0.588
Visual Basic .NET,"(2011, 2, 8)",0.563
Visual Basic .NET,"(2011, 3, 3)",0.342
Visual Basic .NET,"(2011, 4, 2)",0.479
Visual Basic .NET,"(2011, 5, 5)",0.434
Visual Basic .NET,"(2011, 5, 27)",0.434
Visual Basic .NET,"(2011, 6, 8)",0.484
Visual Basic .NET,"(2011, 7, 3)",0.464
Visual Basic .NET,"(2011, 8, 10)",0.309
Visual Basic .NET,"(2011, 9, 9)",0.481
Visual Basic .NET,"(2011, 10, 7)",0.533
Visual Basic .NET,"(2011, 11, 4)",0.364
Visual Basic .NET,"(2012, 0, 8)",0.479
Visual Basic .NET,"(2012, 1, 5)",0.796
Visual Basic .NET,"(2012, 2, 11)",0.784
Visual Basic .NET,"(2012, 3, 8)",0.978
Visual Basic .NET,"(2012, 4, 9)",1.274
Visual Basic .NET,"(2012, 5, 10)",1.216
Visual Basic .NET,"(2012, 6, 4)",0.917
Visual Basic .NET,"(2012, 7, 10)",0.877
Visual Basic .NET,"(2012, 8, 2)",0.84
Visual Basic .NET,"(2012, 9, 5)",0.599
Visual Basic .NET,"(2012, 10, 4)",0.769
Visual Basic .NET,"(2012, 11, 2)",0.889
Visual Basic .NET,"(2013, 0, 5)",1.043
Visual Basic .NET,"(2013, 1, 8)",1.007
Visual Basic .NET,"(2013, 2, 11)",0.888
Visual Basic .NET,"(2013, 3, 7)",1.095
Visual Basic .NET,"(2013, 4, 8)",1.131
Visual Basic .NET,"(2013, 5, 9)",1.067
Visual Basic .NET,"(2013, 6, 7)",1.254
Visual Basic .NET,"(2013, 6, 12)",1.254
Visual Basic .NET,"(2013, 7, 4)",1.32
Visual Basic .NET,"(2013, 8, 11)",1.844
Visual Basic .NET,"(2013, 9, 10)",1.933
Visual Basic .NET,"(2013, 10, 9)",1.969
Visual Basic .NET,"(2013, 11, 6)",1.688
Visual Basic .NET,"(2014, 0, 1)",1.557
Visual Basic .NET,"(2014, 1, 8)",1.798
Visual Basic .NET,"(2014, 2, 3)",1.862
Visual Basic .NET,"(2014, 3, 10)",1.748
Visual Basic .NET,"(2014, 4, 7)",1.264
Visual Basic .NET,"(2014, 5, 8)",1.914
Visual Basic .NET,"(2014, 6, 6)",1.495
Visual Basic .NET,"(2014, 7, 11)",1.31
Visual Basic .NET,"(2014, 8, 1)",1.532
Visual Basic .NET,"(2014, 9, 3)",1.751
Visual Basic .NET,"(2014, 10, 8)",2.061
Visual Basic .NET,"(2014, 11, 7)",2.235
Visual Basic .NET,"(2015, 0, 6)",1.074
Visual Basic .NET,"(2015, 1, 5)",2.026
Visual Basic .NET,"(2015, 2, 7)",2.326
Visual Basic .NET,"(2015, 3, 13)",2.126
Visual Basic .NET,"(2015, 4, 13)",2.968
Visual Basic .NET,"(2015, 5, 6)",3.168
Visual Basic .NET,"(2015, 6, 12)",2.423
Visual Basic .NET,"(2015, 7, 6)",2.708
Visual Basic .NET,"(2015, 8, 5)",2.062
Visual Basic .NET,"(2015, 9, 4)",2.462
Visual Basic .NET,"(2015, 10, 7)",2.223
Visual Basic .NET,"(2015, 11, 4)",2.39
Visual Basic .NET,"(2016, 0, 2)",2.582
Visual Basic .NET,"(2016, 1, 2)",2.454
Visual Basic .NET,"(2016, 2, 3)",2.561
Visual Basic .NET,"(2016, 3, 7)",2.273
Visual Basic .NET,"(2016, 4, 6)",2.325
Visual Basic .NET,"(2016, 5, 5)",2.353
Visual Basic .NET,"(2016, 6, 4)",2.517
Visual Basic .NET,"(2016, 7, 6)",2.518
Visual Basic .NET,"(2016, 8, 8)",2.343
Visual Basic .NET,"(2016, 9, 7)",2.66
Visual Basic .NET,"(2016, 10, 5)",3.167
Visual Basic .NET,"(2016, 11, 4)",3.302
Visual Basic .NET,"(2017, 0, 7)",2.96
Visual Basic .NET,"(2017, 1, 8)",2.824
Visual Basic .NET,"(2017, 2, 7)",3.174
Visual Basic .NET,"(2017, 3, 9)",3.251
Visual Basic .NET,"(2017, 4, 6)",3.391
Visual Basic .NET,"(2017, 5, 3)",3.111
Visual Basic .NET,"(2017, 6, 7)",3.05
Visual Basic .NET,"(2017, 7, 2)",2.569
Visual Basic .NET,"(2017, 8, 6)",1.982
Visual Basic .NET,"(2017, 9, 5)",2.735
Visual Basic .NET,"(2017, 10, 12)",2.909
Visual Basic .NET,"(2017, 11, 9)",2.471
Visual Basic .NET,"(2018, 0, 3)",3.261
Visual Basic .NET,"(2018, 1, 8)",4.072
Visual Basic .NET,"(2018, 2, 7)",4.085
Visual Basic .NET,"(2018, 3, 1)",4.947
Visual Basic .NET,"(2018, 4, 6)",4.124
Visual Basic .NET,"(2018, 5, 10)",3.762
Visual Basic .NET,"(2018, 6, 7)",4.247
Visual Basic .NET,"(2018, 7, 1)",4.762
Visual Basic .NET,"(2018, 8, 3)",5.308
Visual Basic .NET,"(2018, 9, 5)",5.884
Visual Basic .NET,"(2018, 10, 8)",6.49
Visual Basic .NET,"(2018, 11, 2)",7.127
Visual Basic .NET,"(2019, 0, 4)",6.459
Visual Basic .NET,"(2019, 1, 6)",7.095
Visual Basic .NET,"(2019, 2, 2)",6.429
Visual Basic .NET,"(2019, 3, 7)",5.795
Visual Basic .NET,"(2019, 4, 4)",5.193
Visual Basic .NET,"(2019, 5, 9)",4.624
Visual Basic .NET,"(2019, 6, 6)",4.208
Visual Basic .NET,"(2019, 7, 5)",3.695
Visual Basic .NET,"(2019, 8, 9)",3.291
Visual Basic .NET,"(2019, 9, 5)",3.745
Visual Basic .NET,"(2019, 10, 3)",4.229
Visual Basic .NET,"(2019, 11, 6)",4.743
Visual Basic .NET,"(2020, 0, 5)",5.287
JavaScript,"(2001, 5, 30)",1.547
JavaScript,"(2001, 6, 30)",1.723
JavaScript,"(2001, 7, 30)",1.66
JavaScript,"(2001, 8, 28)",1.629
JavaScript,"(2001, 9, 26)",1.511
JavaScript,"(2001, 10, 28)",1.466
JavaScript,"(2001, 11, 31)",1.456
JavaScript,"(2002, 0, 30)",2.725
JavaScript,"(2002, 1, 27)",1.476
JavaScript,"(2002, 2, 29)",1.468
JavaScript,"(2002, 3, 29)",1.366
JavaScript,"(2002, 4, 29)",1.363
JavaScript,"(2002, 5, 29)",1.433
JavaScript,"(2002, 6, 31)",1.154
JavaScript,"(2002, 7, 29)",2.022
JavaScript,"(2002, 8, 29)",1.908
JavaScript,"(2002, 9, 30)",1.978
JavaScript,"(2002, 10, 29)",2.486
JavaScript,"(2002, 11, 31)",2.423
JavaScript,"(2003, 0, 31)",2.915
JavaScript,"(2003, 1, 28)",2.806
JavaScript,"(2003, 2, 31)",2.626
JavaScript,"(2003, 3, 30)",3.256
JavaScript,"(2003, 4, 30)",1.715
JavaScript,"(2003, 5, 30)",1.686
JavaScript,"(2003, 6, 31)",1.791
JavaScript,"(2003, 7, 31)",1.897
JavaScript,"(2003, 8, 30)",1.656
JavaScript,"(2003, 9, 31)",1.918
JavaScript,"(2003, 10, 30)",1.738
JavaScript,"(2003, 11, 31)",1.745
JavaScript,"(2004, 0, 31)",2.138
JavaScript,"(2004, 1, 29)",2.063
JavaScript,"(2004, 2, 31)",1.783
JavaScript,"(2004, 3, 30)",1.778
JavaScript,"(2004, 4, 30)",1.45
JavaScript,"(2004, 5, 30)",1.61
JavaScript,"(2004, 6, 31)",1.681
JavaScript,"(2004, 7, 30)",1.51
JavaScript,"(2004, 8, 30)",1.267
JavaScript,"(2004, 9, 31)",1.195
JavaScript,"(2004, 10, 30)",1.595
JavaScript,"(2004, 11, 31)",1.703
JavaScript,"(2005, 0, 31)",1.779
JavaScript,"(2005, 1, 28)",1.65
JavaScript,"(2005, 2, 31)",1.642
JavaScript,"(2005, 3, 30)",1.443
JavaScript,"(2005, 4, 31)",1.387
JavaScript,"(2005, 5, 30)",1.779
JavaScript,"(2005, 6, 31)",1.921
JavaScript,"(2005, 7, 31)",1.768
JavaScript,"(2005, 8, 30)",2.036
JavaScript,"(2005, 11, 3)",1.838
JavaScript,"(2006, 0, 4)",1.538
JavaScript,"(2006, 1, 2)",1.512
JavaScript,"(2006, 2, 1)",1.733
JavaScript,"(2006, 3, 2)",1.567
JavaScript,"(2006, 4, 1)",2.191
JavaScript,"(2006, 5, 1)",1.456
JavaScript,"(2006, 6, 2)",2.108
JavaScript,"(2006, 7, 2)",2.019
JavaScript,"(2006, 8, 2)",2.442
JavaScript,"(2006, 9, 1)",2.202
JavaScript,"(2006, 10, 2)",2.31
JavaScript,"(2006, 11, 1)",2.562
JavaScript,"(2007, 0, 2)",2.845
JavaScript,"(2007, 1, 3)",2.982
JavaScript,"(2007, 2, 3)",3.485
JavaScript,"(2007, 3, 1)",3.137
JavaScript,"(2007, 4, 5)",3.072
JavaScript,"(2007, 5, 2)",2.616
JavaScript,"(2007, 6, 2)",2.515
JavaScript,"(2007, 7, 5)",2.575
JavaScript,"(2007, 8, 2)",2.722
JavaScript,"(2007, 9, 4)",2.685
JavaScript,"(2007, 10, 4)",2.928
JavaScript,"(2007, 11, 3)",2.733
JavaScript,"(2008, 0, 3)",3.203
JavaScript,"(2008, 1, 7)",2.334
JavaScript,"(2008, 5, 1)",2.927
JavaScript,"(2008, 6, 2)",2.757
JavaScript,"(2008, 7, 3)",2.892
JavaScript,"(2008, 8, 3)",3.13
JavaScript,"(2008, 9, 6)",2.67
JavaScript,"(2008, 10, 2)",2.925
JavaScript,"(2008, 11, 3)",2.972
JavaScript,"(2009, 0, 2)",3.36
JavaScript,"(2009, 1, 1)",3.54
JavaScript,"(2009, 2, 5)",3.607
JavaScript,"(2009, 3, 7)",3.678
JavaScript,"(2009, 4, 1)",3.548
JavaScript,"(2009, 5, 4)",4.021
JavaScript,"(2009, 6, 2)",3.513
JavaScript,"(2009, 7, 1)",2.812
JavaScript,"(2009, 8, 5)",2.995
JavaScript,"(2009, 9, 2)",3.025
JavaScript,"(2009, 10, 2)",2.916
JavaScript,"(2009, 11, 2)",3.515
JavaScript,"(2010, 0, 5)",2.707
JavaScript,"(2010, 1, 7)",2.636
JavaScript,"(2010, 2, 7)",2.651
JavaScript,"(2010, 3, 5)",2.469
JavaScript,"(2010, 4, 15)",2.084
JavaScript,"(2010, 6, 6)",2.432
JavaScript,"(2010, 6, 30)",2.401
JavaScript,"(2010, 8, 11)",1.665
JavaScript,"(2010, 9, 2)",1.659
JavaScript,"(2010, 10, 3)",1.664
JavaScript,"(2010, 11, 7)",1.509
JavaScript,"(2011, 0, 2)",1.589
JavaScript,"(2011, 1, 8)",2.558
JavaScript,"(2011, 2, 8)",1.866
JavaScript,"(2011, 3, 3)",1.513
JavaScript,"(2011, 4, 2)",1.394
JavaScript,"(2011, 5, 5)",1.501
JavaScript,"(2011, 5, 27)",1.501
JavaScript,"(2011, 6, 8)",2.242
JavaScript,"(2011, 7, 3)",1.557
JavaScript,"(2011, 8, 10)",1.469
JavaScript,"(2011, 9, 9)",2.191
JavaScript,"(2011, 10, 7)",2.565
JavaScript,"(2011, 11, 4)",2.199
JavaScript,"(2012, 0, 8)",2.316
JavaScript,"(2012, 1, 5)",2.465
JavaScript,"(2012, 2, 11)",3.386
JavaScript,"(2012, 3, 8)",2.879
JavaScript,"(2012, 4, 9)",2.135
JavaScript,"(2012, 5, 10)",1.474
JavaScript,"(2012, 6, 4)",1.454
JavaScript,"(2012, 7, 10)",1.365
JavaScript,"(2012, 8, 2)",1.328
JavaScript,"(2012, 9, 5)",1.261
JavaScript,"(2012, 10, 4)",1.278
JavaScript,"(2012, 11, 2)",1.321
JavaScript,"(2013, 0, 5)",1.976
JavaScript,"(2013, 1, 8)",1.423
JavaScript,"(2013, 2, 11)",1.37
JavaScript,"(2013, 3, 7)",1.509
JavaScript,"(2013, 4, 8)",1.536
JavaScript,"(2013, 5, 9)",1.654
JavaScript,"(2013, 6, 7)",1.844
JavaScript,"(2013, 6, 12)",1.844
JavaScript,"(2013, 7, 4)",2.093
JavaScript,"(2013, 8, 11)",2.015
JavaScript,"(2013, 9, 10)",2.038
JavaScript,"(2013, 10, 9)",2.05
JavaScript,"(2013, 11, 6)",1.852
JavaScript,"(2014, 0, 1)",1.576
JavaScript,"(2014, 1, 8)",1.929
JavaScript,"(2014, 2, 3)",1.899
JavaScript,"(2014, 3, 10)",1.75
JavaScript,"(2014, 4, 7)",1.788
JavaScript,"(2014, 5, 8)",2.0
JavaScript,"(2014, 6, 6)",1.806
JavaScript,"(2014, 7, 11)",2.172
JavaScript,"(2014, 8, 1)",2.448
JavaScript,"(2014, 9, 3)",1.771
JavaScript,"(2014, 10, 8)",2.088
JavaScript,"(2014, 11, 7)",2.433
JavaScript,"(2015, 0, 6)",3.274
JavaScript,"(2015, 1, 5)",3.514
JavaScript,"(2015, 2, 7)",3.629
JavaScript,"(2015, 3, 13)",3.297
JavaScript,"(2015, 4, 13)",3.127
JavaScript,"(2015, 5, 6)",2.295
JavaScript,"(2015, 6, 12)",2.194
JavaScript,"(2015, 7, 6)",2.162
JavaScript,"(2015, 8, 5)",2.342
JavaScript,"(2015, 9, 4)",2.292
JavaScript,"(2015, 10, 7)",2.473
JavaScript,"(2015, 11, 4)",2.363
JavaScript,"(2016, 0, 2)",2.565
JavaScript,"(2016, 1, 2)",2.201
JavaScript,"(2016, 2, 3)",2.333
JavaScript,"(2016, 3, 7)",2.566
JavaScript,"(2016, 4, 6)",2.34
JavaScript,"(2016, 5, 5)",2.583
JavaScript,"(2016, 6, 4)",2.643
JavaScript,"(2016, 7, 6)",2.705
JavaScript,"(2016, 8, 8)",2.929
JavaScript,"(2016, 9, 7)",2.751
JavaScript,"(2016, 10, 5)",2.705
JavaScript,"(2016, 11, 4)",2.862
JavaScript,"(2017, 0, 7)",2.85
JavaScript,"(2017, 1, 8)",2.872
JavaScript,"(2017, 2, 7)",2.667
JavaScript,"(2017, 3, 9)",2.851
JavaScript,"(2017, 4, 6)",3.071
JavaScript,"(2017, 5, 3)",3.025
JavaScript,"(2017, 6, 7)",2.606
JavaScript,"(2017, 7, 2)",2.098
JavaScript,"(2017, 8, 6)",2.017
JavaScript,"(2017, 9, 5)",3.01
JavaScript,"(2017, 10, 12)",2.972
JavaScript,"(2017, 11, 9)",2.474
JavaScript,"(2018, 0, 3)",3.465
JavaScript,"(2018, 1, 8)",3.165
JavaScript,"(2018, 2, 7)",3.916
JavaScript,"(2018, 3, 1)",3.492
JavaScript,"(2018, 4, 6)",2.923
JavaScript,"(2018, 5, 10)",2.495
JavaScript,"(2018, 6, 7)",2.831
JavaScript,"(2018, 7, 1)",2.411
JavaScript,"(2018, 8, 3)",2.131
JavaScript,"(2018, 9, 5)",2.28
JavaScript,"(2018, 10, 8)",2.655
JavaScript,"(2018, 11, 2)",3.063
JavaScript,"(2019, 0, 4)",3.302
JavaScript,"(2019, 1, 6)",2.848
JavaScript,"(2019, 2, 2)",2.426
JavaScript,"(2019, 3, 7)",2.507
JavaScript,"(2019, 4, 4)",2.69
JavaScript,"(2019, 5, 9)",2.716
JavaScript,"(2019, 6, 6)",2.304
JavaScript,"(2019, 7, 5)",2.258
JavaScript,"(2019, 8, 9)",2.128
JavaScript,"(2019, 9, 5)",2.076
JavaScript,"(2019, 10, 3)",1.929
JavaScript,"(2019, 11, 6)",2.09
JavaScript,"(2020, 0, 5)",2.451
PHP,"(2001, 5, 30)",1.897
PHP,"(2001, 6, 30)",1.378
PHP,"(2001, 7, 30)",1.553
PHP,"(2001, 8, 28)",1.552
PHP,"(2001, 9, 26)",1.778
PHP,"(2001, 10, 28)",4.874
PHP,"(2001, 11, 31)",7.274
PHP,"(2002, 0, 30)",8.274
PHP,"(2002, 1, 27)",7.442
PHP,"(2002, 2, 29)",7.029
PHP,"(2002, 3, 29)",5.049
PHP,"(2002, 4, 29)",5.215
PHP,"(2002, 5, 29)",5.178
PHP,"(2002, 6, 31)",6.498
PHP,"(2002, 7, 29)",5.349
PHP,"(2002, 8, 29)",4.96
PHP,"(2002, 9, 30)",5.275
PHP,"(2002, 10, 29)",7.298
PHP,"(2002, 11, 31)",7.611
PHP,"(2003, 0, 31)",4.493
PHP,"(2003, 1, 28)",4.009
PHP,"(2003, 2, 31)",4.606
PHP,"(2003, 3, 30)",4.533
PHP,"(2003, 4, 30)",4.783
PHP,"(2003, 5, 30)",3.833
PHP,"(2003, 6, 31)",4.679
PHP,"(2003, 7, 31)",5.436
PHP,"(2003, 8, 30)",5.795
PHP,"(2003, 9, 31)",3.57
PHP,"(2003, 10, 30)",5.736
PHP,"(2003, 11, 31)",6.311
PHP,"(2004, 0, 31)",7.257
PHP,"(2004, 1, 29)",7.631
PHP,"(2004, 2, 31)",9.761
PHP,"(2004, 3, 30)",7.171
PHP,"(2004, 4, 30)",8.71
PHP,"(2004, 5, 30)",10.323
PHP,"(2004, 6, 31)",10.427
PHP,"(2004, 7, 30)",8.231
PHP,"(2004, 8, 30)",7.421
PHP,"(2004, 9, 31)",7.586
PHP,"(2004, 10, 30)",11.448
PHP,"(2004, 11, 31)",9.482
PHP,"(2005, 0, 31)",10.278
PHP,"(2005, 1, 28)",9.41
PHP,"(2005, 2, 31)",8.724
PHP,"(2005, 3, 30)",9.201
PHP,"(2005, 4, 31)",7.974
PHP,"(2005, 5, 30)",9.172
PHP,"(2005, 6, 31)",7.873
PHP,"(2005, 7, 31)",8.895
PHP,"(2005, 8, 30)",9.671
PHP,"(2005, 11, 3)",9.629
PHP,"(2006, 0, 4)",9.402
PHP,"(2006, 1, 2)",8.916
PHP,"(2006, 2, 1)",9.948
PHP,"(2006, 3, 2)",10.88
PHP,"(2006, 4, 1)",10.22
PHP,"(2006, 5, 1)",9.593
PHP,"(2006, 6, 2)",10.35
PHP,"(2006, 7, 2)",9.639
PHP,"(2006, 8, 2)",9.128
PHP,"(2006, 9, 1)",9.862
PHP,"(2006, 10, 2)",9.209
PHP,"(2006, 11, 1)",8.537
PHP,"(2007, 0, 2)",7.943
PHP,"(2007, 1, 3)",8.847
PHP,"(2007, 2, 3)",9.458
PHP,"(2007, 3, 1)",8.639
PHP,"(2007, 4, 5)",8.738
PHP,"(2007, 5, 2)",8.871
PHP,"(2007, 6, 2)",8.653
PHP,"(2007, 7, 5)",9.696
PHP,"(2007, 8, 2)",10.204
PHP,"(2007, 9, 4)",9.498
PHP,"(2007, 10, 4)",8.687
PHP,"(2007, 11, 3)",8.393
PHP,"(2008, 0, 3)",9.195
PHP,"(2008, 1, 7)",9.89
PHP,"(2008, 5, 1)",10.206
PHP,"(2008, 6, 2)",9.525
PHP,"(2008, 7, 3)",9.349
PHP,"(2008, 8, 3)",9.243
PHP,"(2008, 9, 6)",8.612
PHP,"(2008, 10, 2)",8.94
PHP,"(2008, 11, 3)",9.128
PHP,"(2009, 0, 2)",8.882
PHP,"(2009, 1, 1)",8.779
PHP,"(2009, 2, 5)",9.485
PHP,"(2009, 3, 7)",9.888
PHP,"(2009, 4, 1)",9.921
PHP,"(2009, 5, 4)",9.675
PHP,"(2009, 6, 2)",9.269
PHP,"(2009, 7, 1)",9.39
PHP,"(2009, 8, 5)",10.156
PHP,"(2009, 9, 2)",10.355
PHP,"(2009, 10, 2)",10.176
PHP,"(2009, 11, 2)",9.77
PHP,"(2010, 0, 5)",10.071
PHP,"(2010, 1, 7)",10.001
PHP,"(2010, 2, 7)",9.908
PHP,"(2010, 3, 5)",9.662
PHP,"(2010, 4, 15)",9.073
PHP,"(2010, 6, 6)",8.566
PHP,"(2010, 6, 30)",9.18
PHP,"(2010, 8, 11)",8.37
PHP,"(2010, 9, 2)",8.323
PHP,"(2010, 10, 3)",7.813
PHP,"(2010, 11, 7)",7.511
PHP,"(2011, 0, 2)",7.835
PHP,"(2011, 1, 8)",6.973
PHP,"(2011, 2, 8)",6.566
PHP,"(2011, 3, 3)",6.584
PHP,"(2011, 4, 2)",6.508
PHP,"(2011, 5, 5)",6.602
PHP,"(2011, 5, 27)",6.602
PHP,"(2011, 6, 8)",6.179
PHP,"(2011, 7, 3)",6.134
PHP,"(2011, 8, 10)",6.596
PHP,"(2011, 9, 9)",6.818
PHP,"(2011, 10, 7)",6.096
PHP,"(2011, 11, 4)",6.001
PHP,"(2012, 0, 8)",5.703
PHP,"(2012, 1, 5)",5.641
PHP,"(2012, 2, 11)",5.555
PHP,"(2012, 3, 8)",5.288
PHP,"(2012, 4, 9)",5.711
PHP,"(2012, 5, 10)",5.287
PHP,"(2012, 6, 4)",5.012
PHP,"(2012, 7, 10)",5.524
PHP,"(2012, 8, 2)",5.614
PHP,"(2012, 9, 5)",5.669
PHP,"(2012, 10, 4)",5.732
PHP,"(2012, 11, 2)",5.541
PHP,"(2013, 0, 5)",5.546
PHP,"(2013, 1, 8)",5.074
PHP,"(2013, 2, 11)",4.809
PHP,"(2013, 3, 7)",5.428
PHP,"(2013, 4, 8)",5.784
PHP,"(2013, 5, 9)",5.987
PHP,"(2013, 6, 7)",7.186
PHP,"(2013, 6, 12)",7.186
PHP,"(2013, 7, 4)",6.694
PHP,"(2013, 8, 11)",6.43
PHP,"(2013, 9, 10)",6.094
PHP,"(2013, 10, 9)",5.379
PHP,"(2013, 11, 6)",5.281
PHP,"(2014, 0, 1)",4.608
PHP,"(2014, 1, 8)",4.219
PHP,"(2014, 2, 3)",3.698
PHP,"(2014, 3, 10)",2.773
PHP,"(2014, 4, 7)",3.386
PHP,"(2014, 5, 8)",2.848
PHP,"(2014, 6, 6)",2.916
PHP,"(2014, 7, 11)",2.864
PHP,"(2014, 8, 1)",3.121
PHP,"(2014, 9, 3)",2.942
PHP,"(2014, 10, 8)",3.043
PHP,"(2014, 11, 7)",2.746
PHP,"(2015, 0, 6)",3.784
PHP,"(2015, 1, 5)",3.17
PHP,"(2015, 2, 7)",3.997
PHP,"(2015, 3, 13)",3.009
PHP,"(2015, 4, 13)",2.72
PHP,"(2015, 5, 6)",2.868
PHP,"(2015, 6, 12)",2.893
PHP,"(2015, 7, 6)",2.729
PHP,"(2015, 8, 5)",2.53
PHP,"(2015, 9, 4)",2.561
PHP,"(2015, 10, 7)",3.248
PHP,"(2015, 11, 4)",2.792
PHP,"(2016, 0, 2)",2.706
PHP,"(2016, 1, 2)",2.77
PHP,"(2016, 2, 3)",2.768
PHP,"(2016, 3, 7)",2.994
PHP,"(2016, 4, 6)",2.992
PHP,"(2016, 5, 5)",3.227
PHP,"(2016, 6, 4)",3.272
PHP,"(2016, 7, 6)",3.173
PHP,"(2016, 8, 8)",2.847
PHP,"(2016, 9, 7)",2.741
PHP,"(2016, 10, 5)",3.125
PHP,"(2016, 11, 4)",2.919
PHP,"(2017, 0, 7)",2.564
PHP,"(2017, 1, 8)",3.072
PHP,"(2017, 2, 7)",3.009
PHP,"(2017, 3, 9)",3.376
PHP,"(2017, 4, 6)",2.693
PHP,"(2017, 5, 3)",2.774
PHP,"(2017, 6, 7)",3.093
PHP,"(2017, 7, 2)",2.293
PHP,"(2017, 8, 6)",2.21
PHP,"(2017, 9, 5)",2.79
PHP,"(2017, 10, 12)",1.897
PHP,"(2017, 11, 9)",1.59
PHP,"(2018, 0, 3)",2.532
PHP,"(2018, 1, 8)",3.42
PHP,"(2018, 2, 7)",4.01
PHP,"(2018, 3, 1)",4.218
PHP,"(2018, 4, 6)",3.321
PHP,"(2018, 5, 10)",2.881
PHP,"(2018, 6, 7)",2.832
PHP,"(2018, 7, 1)",2.925
PHP,"(2018, 8, 3)",2.775
PHP,"(2018, 9, 5)",2.794
PHP,"(2018, 10, 8)",2.376
PHP,"(2018, 11, 2)",2.442
PHP,"(2019, 0, 4)",2.68
PHP,"(2019, 1, 6)",2.271
PHP,"(2019, 2, 2)",2.42
PHP,"(2019, 3, 7)",2.239
PHP,"(2019, 4, 4)",2.489
PHP,"(2019, 5, 9)",2.567
PHP,"(2019, 6, 6)",2.167
PHP,"(2019, 7, 5)",2.075
PHP,"(2019, 8, 9)",1.863
PHP,"(2019, 9, 5)",1.909
PHP,"(2019, 10, 3)",1.72
PHP,"(2019, 11, 6)",2.048
PHP,"(2020, 0, 5)",2.405
Swift,"(2001, 5, 30)",0.0
Swift,"(2001, 6, 30)",0.0
Swift,"(2001, 7, 30)",0.0
Swift,"(2001, 8, 28)",0.0
Swift,"(2001, 9, 26)",0.0
Swift,"(2001, 10, 28)",0.0
Swift,"(2001, 11, 31)",0.0
Swift,"(2002, 0, 30)",0.0
Swift,"(2002, 1, 27)",0.0
Swift,"(2002, 2, 29)",0.0
Swift,"(2002, 3, 29)",0.0
Swift,"(2002, 4, 29)",0.0
Swift,"(2002, 5, 29)",0.0
Swift,"(2002, 6, 31)",0.0
Swift,"(2002, 7, 29)",0.0
Swift,"(2002, 8, 29)",0.0
Swift,"(2002, 9, 30)",0.0
Swift,"(2002, 10, 29)",0.0
Swift,"(2002, 11, 31)",0.0
Swift,"(2003, 0, 31)",0.0
Swift,"(2003, 1, 28)",0.0
Swift,"(2003, 2, 31)",0.0
Swift,"(2003, 3, 30)",0.0
Swift,"(2003, 4, 30)",0.0
Swift,"(2003, 5, 30)",0.0
Swift,"(2003, 6, 31)",0.0
Swift,"(2003, 7, 31)",0.0
Swift,"(2003, 8, 30)",0.0
Swift,"(2003, 9, 31)",0.0
Swift,"(2003, 10, 30)",0.0
Swift,"(2003, 11, 31)",0.0
Swift,"(2004, 0, 31)",0.0
Swift,"(2004, 1, 29)",0.0
Swift,"(2004, 2, 31)",0.0
Swift,"(2004, 3, 30)",0.0
Swift,"(2004, 4, 30)",0.0
Swift,"(2004, 5, 30)",0.0
Swift,"(2004, 6, 31)",0.0
Swift,"(2004, 7, 30)",0.0
Swift,"(2004, 8, 30)",0.0
Swift,"(2004, 9, 31)",0.0
Swift,"(2004, 10, 30)",0.0
Swift,"(2004, 11, 31)",0.0
Swift,"(2005, 0, 31)",0.0
Swift,"(2005, 1, 28)",0.0
Swift,"(2005, 2, 31)",0.0
Swift,"(2005, 3, 30)",0.0
Swift,"(2005, 4, 31)",0.0
Swift,"(2005, 5, 30)",0.0
Swift,"(2005, 6, 31)",0.0
Swift,"(2005, 7, 31)",0.0
Swift,"(2005, 8, 30)",0.0
Swift,"(2005, 11, 3)",0.0
Swift,"(2006, 0, 4)",0.0
Swift,"(2006, 1, 2)",0.0
Swift,"(2006, 2, 1)",0.0
Swift,"(2006, 3, 2)",0.0
Swift,"(2006, 4, 1)",0.0
Swift,"(2006, 5, 1)",0.0
Swift,"(2006, 6, 2)",0.0
Swift,"(2006, 7, 2)",0.0
Swift,"(2006, 8, 2)",0.0
Swift,"(2006, 9, 1)",0.0
Swift,"(2006, 10, 2)",0.0
Swift,"(2006, 11, 1)",0.0
Swift,"(2007, 0, 2)",0.0
Swift,"(2007, 1, 3)",0.0
Swift,"(2007, 2, 3)",0.0
Swift,"(2007, 3, 1)",0.0
Swift,"(2007, 4, 5)",0.0
Swift,"(2007, 5, 2)",0.0
Swift,"(2007, 6, 2)",0.0
Swift,"(2007, 7, 5)",0.0
Swift,"(2007, 8, 2)",0.0
Swift,"(2007, 9, 4)",0.0
Swift,"(2007, 10, 4)",0.0
Swift,"(2007, 11, 3)",0.0
Swift,"(2008, 0, 3)",0.0
Swift,"(2008, 1, 7)",0.0
Swift,"(2008, 5, 1)",0.0
Swift,"(2008, 6, 2)",0.0
Swift,"(2008, 7, 3)",0.0
Swift,"(2008, 8, 3)",0.0
Swift,"(2008, 9, 6)",0.0
Swift,"(2008, 10, 2)",0.0
Swift,"(2008, 11, 3)",0.0
Swift,"(2009, 0, 2)",0.0
Swift,"(2009, 1, 1)",0.0
Swift,"(2009, 2, 5)",0.0
Swift,"(2009, 3, 7)",0.0
Swift,"(2009, 4, 1)",0.0
Swift,"(2009, 5, 4)",0.0
Swift,"(2009, 6, 2)",0.0
Swift,"(2009, 7, 1)",0.0
Swift,"(2009, 8, 5)",0.0
Swift,"(2009, 9, 2)",0.0
Swift,"(2009, 10, 2)",0.0
Swift,"(2009, 11, 2)",0.0
Swift,"(2010, 0, 5)",0.0
Swift,"(2010, 1, 7)",0.0
Swift,"(2010, 2, 7)",0.0
Swift,"(2010, 3, 5)",0.0
Swift,"(2010, 4, 15)",0.0
Swift,"(2010, 6, 6)",0.0
Swift,"(2010, 6, 30)",0.0
Swift,"(2010, 8, 11)",0.0
Swift,"(2010, 9, 2)",0.0
Swift,"(2010, 10, 3)",0.0
Swift,"(2010, 11, 7)",0.0
Swift,"(2011, 0, 2)",0.0
Swift,"(2011, 1, 8)",0.0
Swift,"(2011, 2, 8)",0.0
Swift,"(2011, 3, 3)",0.0
Swift,"(2011, 4, 2)",0.0
Swift,"(2011, 5, 5)",0.0
Swift,"(2011, 5, 27)",0.0
Swift,"(2011, 6, 8)",0.0
Swift,"(2011, 7, 3)",0.0
Swift,"(2011, 8, 10)",0.0
Swift,"(2011, 9, 9)",0.0
Swift,"(2011, 10, 7)",0.0
Swift,"(2011, 11, 4)",0.0
Swift,"(2012, 0, 8)",0.0
Swift,"(2012, 1, 5)",0.0
Swift,"(2012, 2, 11)",0.0
Swift,"(2012, 3, 8)",0.0
Swift,"(2012, 4, 9)",0.0
Swift,"(2012, 5, 10)",0.0
Swift,"(2012, 6, 4)",0.0
Swift,"(2012, 7, 10)",0.0
Swift,"(2012, 8, 2)",0.0
Swift,"(2012, 9, 5)",0.0
Swift,"(2012, 10, 4)",0.0
Swift,"(2012, 11, 2)",0.0
Swift,"(2013, 0, 5)",0.0
Swift,"(2013, 1, 8)",0.0
Swift,"(2013, 2, 11)",0.0
Swift,"(2013, 3, 7)",0.0
Swift,"(2013, 4, 8)",0.0
Swift,"(2013, 5, 9)",0.0
Swift,"(2013, 6, 7)",0.0
Swift,"(2013, 6, 12)",0.0
Swift,"(2013, 7, 4)",0.0
Swift,"(2013, 8, 11)",0.0
Swift,"(2013, 9, 10)",0.0
Swift,"(2013, 10, 9)",0.0
Swift,"(2013, 11, 6)",0.0
Swift,"(2014, 0, 1)",0.0
Swift,"(2014, 1, 8)",0.0
Swift,"(2014, 2, 3)",0.0
Swift,"(2014, 3, 10)",0.0
Swift,"(2014, 4, 7)",0.0
Swift,"(2014, 5, 8)",0.0
Swift,"(2014, 6, 6)",1.054
Swift,"(2014, 7, 11)",0.668
Swift,"(2014, 8, 1)",0.852
Swift,"(2014, 9, 3)",0.761
Swift,"(2014, 10, 8)",0.834
Swift,"(2014, 11, 7)",1.065
Swift,"(2015, 0, 6)",0.747
Swift,"(2015, 1, 5)",0.723
Swift,"(2015, 2, 7)",0.816
Swift,"(2015, 3, 13)",0.882
Swift,"(2015, 4, 13)",1.115
Swift,"(2015, 5, 6)",1.44
Swift,"(2015, 6, 12)",1.234
Swift,"(2015, 7, 6)",1.179
Swift,"(2015, 8, 5)",1.188
Swift,"(2015, 9, 4)",1.277
Swift,"(2015, 10, 7)",1.236
Swift,"(2015, 11, 4)",1.405
Swift,"(2016, 0, 2)",1.363
Swift,"(2016, 1, 2)",1.375
Swift,"(2016, 2, 3)",1.587
Swift,"(2016, 3, 7)",1.478
Swift,"(2016, 4, 6)",1.593
Swift,"(2016, 5, 5)",1.831
Swift,"(2016, 6, 4)",1.96
Swift,"(2016, 7, 6)",1.983
Swift,"(2016, 8, 8)",1.93
Swift,"(2016, 9, 7)",2.004
Swift,"(2016, 10, 5)",2.039
Swift,"(2016, 11, 4)",2.134
Swift,"(2017, 0, 7)",1.932
Swift,"(2017, 1, 8)",2.125
Swift,"(2017, 2, 7)",2.268
Swift,"(2017, 3, 9)",2.287
Swift,"(2017, 4, 6)",2.274
Swift,"(2017, 5, 3)",2.209
Swift,"(2017, 6, 7)",2.253
Swift,"(2017, 7, 2)",1.825
Swift,"(2017, 8, 6)",1.765
Swift,"(2017, 9, 5)",1.668
Swift,"(2017, 10, 12)",1.389
Swift,"(2017, 11, 9)",1.566
Swift,"(2018, 0, 3)",2.377
Swift,"(2018, 1, 8)",1.794
Swift,"(2018, 2, 7)",2.143
Swift,"(2018, 3, 1)",1.534
Swift,"(2018, 4, 6)",0.907
Swift,"(2018, 5, 10)",1.145
Swift,"(2018, 6, 7)",1.412
Swift,"(2018, 7, 1)",1.384
Swift,"(2018, 8, 3)",1.223
Swift,"(2018, 9, 5)",1.5
Swift,"(2018, 10, 8)",1.455
Swift,"(2018, 11, 2)",1.22
Swift,"(2019, 0, 4)",1.187
Swift,"(2019, 1, 6)",0.918
Swift,"(2019, 2, 2)",1.158
Swift,"(2019, 3, 7)",0.978
Swift,"(2019, 4, 4)",1.15
Swift,"(2019, 5, 9)",1.419
Swift,"(2019, 6, 6)",1.121
Swift,"(2019, 7, 5)",0.89
Swift,"(2019, 8, 9)",1.1
Swift,"(2019, 9, 5)",1.362
Swift,"(2019, 10, 3)",1.653
Swift,"(2019, 11, 6)",1.49
Swift,"(2020, 0, 5)",1.795
SQL,"(2001, 5, 30)",0.0
SQL,"(2001, 6, 30)",0.0
SQL,"(2001, 7, 30)",0.0
SQL,"(2001, 8, 28)",0.0
SQL,"(2001, 9, 26)",0.0
SQL,"(2001, 10, 28)",0.0
SQL,"(2001, 11, 31)",0.0
SQL,"(2002, 0, 30)",0.0
SQL,"(2002, 1, 27)",0.0
SQL,"(2002, 2, 29)",0.0
SQL,"(2002, 3, 29)",0.0
SQL,"(2002, 4, 29)",0.0
SQL,"(2002, 5, 29)",0.0
SQL,"(2002, 6, 31)",0.0
SQL,"(2002, 7, 29)",0.0
SQL,"(2002, 8, 29)",0.0
SQL,"(2002, 9, 30)",0.0
SQL,"(2002, 10, 29)",0.0
SQL,"(2002, 11, 31)",0.0
SQL,"(2003, 0, 31)",0.0
SQL,"(2003, 1, 28)",0.0
SQL,"(2003, 2, 31)",0.0
SQL,"(2003, 3, 30)",0.0
SQL,"(2003, 4, 30)",0.0
SQL,"(2003, 5, 30)",0.0
SQL,"(2003, 6, 31)",0.0
SQL,"(2003, 7, 31)",0.0
SQL,"(2003, 8, 30)",0.0
SQL,"(2003, 9, 31)",0.0
SQL,"(2003, 10, 30)",0.0
SQL,"(2003, 11, 31)",0.0
SQL,"(2004, 0, 31)",0.0
SQL,"(2004, 1, 29)",0.0
SQL,"(2004, 2, 31)",0.0
SQL,"(2004, 3, 30)",0.0
SQL,"(2004, 4, 30)",0.0
SQL,"(2004, 5, 30)",0.0
SQL,"(2004, 6, 31)",0.0
SQL,"(2004, 7, 30)",0.0
SQL,"(2004, 8, 30)",0.0
SQL,"(2004, 9, 31)",0.0
SQL,"(2004, 10, 30)",0.0
SQL,"(2004, 11, 31)",0.0
SQL,"(2005, 0, 31)",0.0
SQL,"(2005, 1, 28)",0.0
SQL,"(2005, 2, 31)",0.0
SQL,"(2005, 3, 30)",0.0
SQL,"(2005, 4, 31)",0.0
SQL,"(2005, 5, 30)",0.0
SQL,"(2005, 6, 31)",0.0
SQL,"(2005, 7, 31)",0.0
SQL,"(2005, 8, 30)",0.0
SQL,"(2005, 11, 3)",0.0
SQL,"(2006, 0, 4)",0.0
SQL,"(2006, 1, 2)",0.0
SQL,"(2006, 2, 1)",0.0
SQL,"(2006, 3, 2)",0.0
SQL,"(2006, 4, 1)",0.0
SQL,"(2006, 5, 1)",0.0
SQL,"(2006, 6, 2)",0.0
SQL,"(2006, 7, 2)",0.0
SQL,"(2006, 8, 2)",0.0
SQL,"(2006, 9, 1)",0.0
SQL,"(2006, 10, 2)",0.0
SQL,"(2006, 11, 1)",0.0
SQL,"(2007, 0, 2)",0.0
SQL,"(2007, 1, 3)",0.0
SQL,"(2007, 2, 3)",0.0
SQL,"(2007, 3, 1)",0.0
SQL,"(2007, 4, 5)",0.0
SQL,"(2007, 5, 2)",0.0
SQL,"(2007, 6, 2)",0.0
SQL,"(2007, 7, 5)",0.0
SQL,"(2007, 8, 2)",0.0
SQL,"(2007, 9, 4)",0.0
SQL,"(2007, 10, 4)",0.0
SQL,"(2007, 11, 3)",0.0
SQL,"(2008, 0, 3)",0.0
SQL,"(2008, 1, 7)",0.0
SQL,"(2008, 5, 1)",0.0
SQL,"(2008, 6, 2)",0.0
SQL,"(2008, 7, 3)",0.0
SQL,"(2008, 8, 3)",0.0
SQL,"(2008, 9, 6)",0.0
SQL,"(2008, 10, 2)",0.0
SQL,"(2008, 11, 3)",0.0
SQL,"(2009, 0, 2)",0.0
SQL,"(2009, 1, 1)",0.0
SQL,"(2009, 2, 5)",0.0
SQL,"(2009, 3, 7)",0.0
SQL,"(2009, 4, 1)",0.0
SQL,"(2009, 5, 4)",0.0
SQL,"(2009, 6, 2)",0.0
SQL,"(2009, 7, 1)",0.0
SQL,"(2009, 8, 5)",0.0
SQL,"(2009, 9, 2)",0.0
SQL,"(2009, 10, 2)",0.0
SQL,"(2009, 11, 2)",0.0
SQL,"(2010, 0, 5)",0.0
SQL,"(2010, 1, 7)",0.0
SQL,"(2010, 2, 7)",0.0
SQL,"(2010, 3, 5)",0.0
SQL,"(2010, 4, 15)",0.0
SQL,"(2010, 6, 6)",0.0
SQL,"(2010, 6, 30)",0.0
SQL,"(2010, 8, 11)",0.0
SQL,"(2010, 9, 2)",0.0
SQL,"(2010, 10, 3)",0.0
SQL,"(2010, 11, 7)",0.0
SQL,"(2011, 0, 2)",0.0
SQL,"(2011, 1, 8)",0.0
SQL,"(2011, 2, 8)",0.0
SQL,"(2011, 3, 3)",0.0
SQL,"(2011, 4, 2)",0.0
SQL,"(2011, 5, 5)",0.0
SQL,"(2011, 5, 27)",0.0
SQL,"(2011, 6, 8)",0.0
SQL,"(2011, 7, 3)",0.0
SQL,"(2011, 8, 10)",0.0
SQL,"(2011, 9, 9)",0.0
SQL,"(2011, 10, 7)",0.0
SQL,"(2011, 11, 4)",0.0
SQL,"(2012, 0, 8)",0.0
SQL,"(2012, 1, 5)",0.0
SQL,"(2012, 2, 11)",0.0
SQL,"(2012, 3, 8)",0.0
SQL,"(2012, 4, 9)",0.0
SQL,"(2012, 5, 10)",0.0
SQL,"(2012, 6, 4)",0.0
SQL,"(2012, 7, 10)",0.0
SQL,"(2012, 8, 2)",0.0
SQL,"(2012, 9, 5)",0.0
SQL,"(2012, 10, 4)",0.0
SQL,"(2012, 11, 2)",0.0
SQL,"(2013, 0, 5)",0.0
SQL,"(2013, 1, 8)",0.0
SQL,"(2013, 2, 11)",0.0
SQL,"(2013, 3, 7)",0.0
SQL,"(2013, 4, 8)",0.0
SQL,"(2013, 5, 9)",0.0
SQL,"(2013, 6, 7)",0.0
SQL,"(2013, 6, 12)",0.0
SQL,"(2013, 7, 4)",0.0
SQL,"(2013, 8, 11)",0.0
SQL,"(2013, 9, 10)",0.0
SQL,"(2013, 10, 9)",0.0
SQL,"(2013, 11, 6)",0.0
SQL,"(2014, 0, 1)",0.0
SQL,"(2014, 1, 8)",0.0
SQL,"(2014, 2, 3)",0.0
SQL,"(2014, 3, 10)",0.0
SQL,"(2014, 4, 7)",0.0
SQL,"(2014, 5, 8)",0.0
SQL,"(2014, 6, 6)",0.0
SQL,"(2014, 7, 11)",0.0
SQL,"(2014, 8, 1)",0.0
SQL,"(2014, 9, 3)",0.0
SQL,"(2014, 10, 8)",0.0
SQL,"(2014, 11, 7)",0.0
SQL,"(2015, 0, 6)",0.0
SQL,"(2015, 1, 5)",0.0
SQL,"(2015, 2, 7)",2.956
SQL,"(2015, 3, 13)",2.766
SQL,"(2015, 4, 13)",2.383
SQL,"(2015, 5, 6)",2.361
SQL,"(2015, 6, 12)",2.242
SQL,"(2015, 7, 6)",1.84
SQL,"(2015, 8, 5)",1.87
SQL,"(2015, 9, 4)",1.943
SQL,"(2015, 10, 7)",2.09
SQL,"(2015, 11, 4)",2.062
SQL,"(2016, 0, 2)",2.333
SQL,"(2016, 1, 2)",2.359
SQL,"(2016, 2, 3)",2.527
SQL,"(2016, 3, 7)",2.66
SQL,"(2016, 4, 6)",2.654
SQL,"(2016, 5, 5)",2.544
SQL,"(2016, 6, 4)",2.638
SQL,"(2016, 7, 6)",2.38
SQL,"(2016, 8, 8)",2.519
SQL,"(2016, 9, 7)",2.559
SQL,"(2016, 10, 5)",2.505
SQL,"(2016, 11, 4)",2.562
SQL,"(2017, 0, 7)",2.649
SQL,"(2017, 1, 8)",3.119
SQL,"(2017, 2, 7)",3.04
SQL,"(2017, 3, 9)",2.994
SQL,"(2017, 4, 6)",3.244
SQL,"(2017, 5, 3)",3.718
SQL,"(2017, 6, 7)",3.697
SQL,"(2017, 7, 2)",2.926
SQL,"(2017, 8, 6)",3.095
SQL,"(2017, 9, 5)",3.513
SQL,"(2017, 10, 12)",3.098
SQL,"(2017, 11, 9)",2.968
SQL,"(2018, 0, 3)",2.443
SQL,"(2018, 1, 8)",2.356
SQL,"(2018, 2, 7)",2.686
SQL,"(2018, 3, 1)",2.65
SQL,"(2018, 4, 6)",1.987
SQL,"(2018, 5, 10)",2.339
SQL,"(2018, 6, 7)",2.334
SQL,"(2018, 7, 1)",2.316
SQL,"(2018, 8, 3)",2.062
SQL,"(2018, 9, 5)",2.038
SQL,"(2018, 10, 8)",1.844
SQL,"(2018, 11, 2)",2.184
SQL,"(2019, 0, 4)",2.277
SQL,"(2019, 1, 6)",1.9
SQL,"(2019, 2, 2)",1.926
SQL,"(2019, 3, 7)",2.272
SQL,"(2019, 4, 4)",2.555
SQL,"(2019, 5, 9)",2.224
SQL,"(2019, 6, 6)",1.977
SQL,"(2019, 7, 5)",1.625
SQL,"(2019, 8, 9)",1.944
SQL,"(2019, 9, 5)",1.935
SQL,"(2019, 10, 3)",1.69
SQL,"(2019, 11, 6)",1.843
SQL,"(2020, 0, 5)",1.504